<?xml version="1.0" encoding="UTF-8"?>
<questestinterop>
  <objectbank ident="QLIB_50893" xmlns:d2l_2p0="http://desire2learn.com/xsd/d2lcp_v2p0">
    <section d2l_2p0:id="2" ident="SECT_119460" title="Week08">
      <sectionproc_extension>
        <d2l_2p0:display_section_name>no</d2l_2p0:display_section_name>
        <d2l_2p0:display_section_line>no</d2l_2p0:display_section_line>
        <d2l_2p0:type_display_section>0</d2l_2p0:type_display_section>
      </sectionproc_extension>
      <item d2l_2p0:id="3" d2l_2p0:page="1" ident="OBJ_115255" label="Week08_Q1" title="Week08_Q1">
        <itemmetadata>
          <qtimetadata>
            <qti_metadatafield>
              <fieldlabel>qmd_computerscored</fieldlabel>
              <fieldentry>yes</fieldentry>
            </qti_metadatafield>
            <qti_metadatafield>
              <fieldlabel>qmd_questiontype</fieldlabel>
              <fieldentry>Multiple Choice</fieldentry>
            </qti_metadatafield>
            <qti_metadatafield>
              <fieldlabel>qmd_weighting</fieldlabel>
              <fieldentry>1.000000000</fieldentry>
            </qti_metadatafield>
            <qti_metadatafield>
              <fieldlabel>qmd_globalid</fieldlabel>
              <fieldentry>8c61469b-13e8-4b17-825d-7a96d1cf3bdd</fieldentry>
            </qti_metadatafield>
            <qti_metadatafield>
              <fieldlabel>qmd_displayid</fieldlabel>
              <fieldentry>MNTC_P04 2015/16 W-396</fieldentry>
            </qti_metadatafield>
          </qtimetadata>
        </itemmetadata>
        <itemproc_extension>
          <d2l_2p0:difficulty>1</d2l_2p0:difficulty>
          <d2l_2p0:isbonus>no</d2l_2p0:isbonus>
          <d2l_2p0:ismandatory>no</d2l_2p0:ismandatory>
        </itemproc_extension>
        <presentation>
          <flow>
            <material>
              <mattext texttype="text/html">In deriving the differential equation model for the temperature of an object, &lt;br /> &lt;math xmlns="http://www.w3.org/1998/Math/MathML">&lt;mrow>&lt;mstyle displaystyle="true">&lt;mfrac linethickness="1">&lt;mrow>&lt;mi>d&lt;/mi>&lt;mi>y&lt;/mi>&lt;/mrow>&lt;mrow>&lt;mi>d&lt;/mi>&lt;mi>t&lt;/mi>&lt;/mrow>&lt;/mfrac>&lt;mo>=&lt;/mo>&lt;mo>-&lt;/mo>&lt;mi>k&lt;/mi>&lt;mrow>&lt;mo form="prefix">(&lt;/mo>&lt;mi>y&lt;/mi>&lt;mo>-&lt;/mo>&lt;msub>&lt;mi>T&lt;/mi>&lt;mtext>ext&lt;/mtext>&lt;/msub>&lt;mo form="postfix">)&lt;/mo>&lt;/mrow>&lt;/mstyle>&lt;/mrow>&lt;/math> &lt;br /> why did we put a negative sign in front of the &lt;math xmlns="http://www.w3.org/1998/Math/MathML">&lt;mrow>&lt;mi>k&lt;/mi>&lt;/mrow>&lt;/math> coefficient?

</mattext>
            </material>
            <response_extension>
              <d2l_2p0:display_style>2</d2l_2p0:display_style>
              <d2l_2p0:enumeration>6</d2l_2p0:enumeration>
              <d2l_2p0:grading_type>0</d2l_2p0:grading_type>
            </response_extension>
            <response_lid ident="Week08_Q1_LID" rcardinality="Single">
              <render_choice shuffle="no">
                <flow_label class="Block">
                  <response_label ident="Week08_QUES_1_ANS_1">
                    <flow_mat>
                      <material>
                        <mattext texttype="text/html">(a) - If an object is cooling the temperature will be decreasing, so &lt;math xmlns="http://www.w3.org/1998/Math/MathML">&lt;mrow>&lt;mfrac linethickness="1">&lt;mrow>&lt;mi>d&lt;/mi>&lt;mi>y&lt;/mi>&lt;/mrow>&lt;mrow>&lt;mi>d&lt;/mi>&lt;mi>t&lt;/mi>&lt;/mrow>&lt;/mfrac>&lt;/mrow>&lt;/math> must be negative.

</mattext>
                      </material>
                    </flow_mat>
                  </response_label>
                </flow_label>
                <flow_label class="Block">
                  <response_label ident="Week08_QUES_1_ANS_2">
                    <flow_mat>
                      <material>
                        <mattext texttype="text/html">(b) - If an object is colder than the environment, &lt;math xmlns="http://www.w3.org/1998/Math/MathML">&lt;mrow>&lt;mo form="prefix">(&lt;/mo>&lt;mi>y&lt;/mi>&lt;mo>-&lt;/mo>&lt;msub>&lt;mi>T&lt;/mi>&lt;mtext>ext&lt;/mtext>&lt;/msub>&lt;mo form="postfix">)&lt;/mo>&lt;/mrow>&lt;/math> will be negative, but the object will heat up so we need &lt;math xmlns="http://www.w3.org/1998/Math/MathML">&lt;mrow>&lt;mfrac linethickness="1">&lt;mrow>&lt;mi>d&lt;/mi>&lt;mi>y&lt;/mi>&lt;/mrow>&lt;mrow>&lt;mi>d&lt;/mi>&lt;mi>t&lt;/mi>&lt;/mrow>&lt;/mfrac>&lt;/mrow>&lt;/math> to be positive.

</mattext>
                      </material>
                    </flow_mat>
                  </response_label>
                </flow_label>
                <flow_label class="Block">
                  <response_label ident="Week08_QUES_1_ANS_3">
                    <flow_mat>
                      <material>
                        <mattext texttype="text/html">(c) - If an object is hotter than the environment, &lt;math xmlns="http://www.w3.org/1998/Math/MathML">&lt;mrow>&lt;mo form="prefix">(&lt;/mo>&lt;mi>y&lt;/mi>&lt;mo>-&lt;/mo>&lt;msub>&lt;mi>T&lt;/mi>&lt;mtext>ext&lt;/mtext>&lt;/msub>&lt;mo form="postfix">)&lt;/mo>&lt;/mrow>&lt;/math> will be positive, but the object will cool down so we need &lt;math xmlns="http://www.w3.org/1998/Math/MathML">&lt;mrow>&lt;mfrac linethickness="1">&lt;mrow>&lt;mi>d&lt;/mi>&lt;mi>y&lt;/mi>&lt;/mrow>&lt;mrow>&lt;mi>d&lt;/mi>&lt;mi>t&lt;/mi>&lt;/mrow>&lt;/mfrac>&lt;/mrow>&lt;/math> to be negative.

</mattext>
                      </material>
                    </flow_mat>
                  </response_label>
                </flow_label>
                <flow_label class="Block">
                  <response_label ident="Week08_QUES_1_ANS_4">
                    <flow_mat>
                      <material>
                        <mattext texttype="text/html"> (d) - Both (b) and (c) are true. </mattext>
                      </material>
                    </flow_mat>
                  </response_label>
                </flow_label>
              </render_choice>
            </response_lid>
          </flow>
        </presentation>
        <resprocessing>
          <respcondition title="Response Condition 1">
            <conditionvar>
              <varequal respident="Week08_Q1_LID">Week08_QUES_1_ANS_1</varequal>
            </conditionvar>
            <setvar action="Set">0</setvar>
            <displayfeedback feedbacktype="Response" linkrefid="QUES_ANSWER_1">(a) - If an object is cooling the temperature will be decreasing, so &lt;math xmlns="http://www.w3.org/1998/Math/MathML">&lt;mrow>&lt;mfrac linethickness="1">&lt;mrow>&lt;mi>d&lt;/mi>&lt;mi>y&lt;/mi>&lt;/mrow>&lt;mrow>&lt;mi>d&lt;/mi>&lt;mi>t&lt;/mi>&lt;/mrow>&lt;/mfrac>&lt;/mrow>&lt;/math> must be negative.

</displayfeedback>
          </respcondition>
          <respcondition title="Response Condition 2">
            <conditionvar>
              <varequal respident="Week08_Q1_LID">Week08_QUES_1_ANS_2</varequal>
            </conditionvar>
            <setvar action="Set">0</setvar>
            <displayfeedback feedbacktype="Response" linkrefid="QUES_ANSWER_2">(b) - If an object is colder than the environment, &lt;math xmlns="http://www.w3.org/1998/Math/MathML">&lt;mrow>&lt;mo form="prefix">(&lt;/mo>&lt;mi>y&lt;/mi>&lt;mo>-&lt;/mo>&lt;msub>&lt;mi>T&lt;/mi>&lt;mtext>ext&lt;/mtext>&lt;/msub>&lt;mo form="postfix">)&lt;/mo>&lt;/mrow>&lt;/math> will be negative, but the object will heat up so we need &lt;math xmlns="http://www.w3.org/1998/Math/MathML">&lt;mrow>&lt;mfrac linethickness="1">&lt;mrow>&lt;mi>d&lt;/mi>&lt;mi>y&lt;/mi>&lt;/mrow>&lt;mrow>&lt;mi>d&lt;/mi>&lt;mi>t&lt;/mi>&lt;/mrow>&lt;/mfrac>&lt;/mrow>&lt;/math> to be positive.

</displayfeedback>
          </respcondition>
          <respcondition title="Response Condition 3">
            <conditionvar>
              <varequal respident="Week08_Q1_LID">Week08_QUES_1_ANS_3</varequal>
            </conditionvar>
            <setvar action="Set">0</setvar>
            <displayfeedback feedbacktype="Response" linkrefid="QUES_ANSWER_3">(c) - If an object is hotter than the environment, &lt;math xmlns="http://www.w3.org/1998/Math/MathML">&lt;mrow>&lt;mo form="prefix">(&lt;/mo>&lt;mi>y&lt;/mi>&lt;mo>-&lt;/mo>&lt;msub>&lt;mi>T&lt;/mi>&lt;mtext>ext&lt;/mtext>&lt;/msub>&lt;mo form="postfix">)&lt;/mo>&lt;/mrow>&lt;/math> will be positive, but the object will cool down so we need &lt;math xmlns="http://www.w3.org/1998/Math/MathML">&lt;mrow>&lt;mfrac linethickness="1">&lt;mrow>&lt;mi>d&lt;/mi>&lt;mi>y&lt;/mi>&lt;/mrow>&lt;mrow>&lt;mi>d&lt;/mi>&lt;mi>t&lt;/mi>&lt;/mrow>&lt;/mfrac>&lt;/mrow>&lt;/math> to be negative.

</displayfeedback>
          </respcondition>
          <respcondition title="Response Condition 4">
            <conditionvar>
              <varequal respident="Week08_Q1_LID">Week08_QUES_1_ANS_4</varequal>
            </conditionvar>
            <setvar action="Set">100</setvar>
            <displayfeedback feedbacktype="Response" linkrefid="QUES_ANSWER_4"> (d) - Both (b) and (c) are true. </displayfeedback>
          </respcondition>
        </resprocessing>
        <itemfeedback ident="Week08_Q1">
          <material>
            <mattext texttype="text/html"> Newton's law of heating and cooling must be in exactly the same form to cover both the heating and cooling cases.  (Think of both a cup of hot water on the counter, or a cup of cold water: the physics has to be the same for both cases.) </mattext>
          </material>
        </itemfeedback>
      </item>
      <item d2l_2p0:id="3" d2l_2p0:page="1" ident="OBJ_115255" label="Week08_Q2" title="Week08_Q2">
        <itemmetadata>
          <qtimetadata>
            <qti_metadatafield>
              <fieldlabel>qmd_computerscored</fieldlabel>
              <fieldentry>yes</fieldentry>
            </qti_metadatafield>
            <qti_metadatafield>
              <fieldlabel>qmd_questiontype</fieldlabel>
              <fieldentry>Multiple Choice</fieldentry>
            </qti_metadatafield>
            <qti_metadatafield>
              <fieldlabel>qmd_weighting</fieldlabel>
              <fieldentry>1.000000000</fieldentry>
            </qti_metadatafield>
            <qti_metadatafield>
              <fieldlabel>qmd_globalid</fieldlabel>
              <fieldentry>8c61469b-13e8-4b17-825d-7a96d1cf3bdd</fieldentry>
            </qti_metadatafield>
            <qti_metadatafield>
              <fieldlabel>qmd_displayid</fieldlabel>
              <fieldentry>MNTC_P04 2015/16 W-396</fieldentry>
            </qti_metadatafield>
          </qtimetadata>
        </itemmetadata>
        <itemproc_extension>
          <d2l_2p0:difficulty>1</d2l_2p0:difficulty>
          <d2l_2p0:isbonus>no</d2l_2p0:isbonus>
          <d2l_2p0:ismandatory>no</d2l_2p0:ismandatory>
        </itemproc_extension>
        <presentation>
          <flow>
            <material>
              <mattext texttype="text/html">To generate a solution for (or simulate the behaviour of) a second order DE in MATLAB, e.g., &lt;br /> &lt;math xmlns="http://www.w3.org/1998/Math/MathML">&lt;mrow>&lt;mn>3&lt;/mn>&lt;mi>x&lt;/mi>&lt;mo>'&lt;/mo>&lt;mo>'&lt;/mo>&lt;mo>+&lt;/mo>&lt;mn>7&lt;/mn>&lt;mi>x&lt;/mi>&lt;mo>'&lt;/mo>&lt;mo>-&lt;/mo>&lt;mn>4&lt;/mn>&lt;mi>x&lt;/mi>&lt;mo>=&lt;/mo>&lt;mi>cos&lt;/mi>&lt;mrow>&lt;mo form="prefix">(&lt;/mo>&lt;mi>t&lt;/mi>&lt;mo form="postfix">)&lt;/mo>&lt;/mrow>&lt;/mrow>&lt;/math>, &lt;br /> what standard substitution would be used to create a new system of first-order DEs?

</mattext>
            </material>
            <response_extension>
              <d2l_2p0:display_style>2</d2l_2p0:display_style>
              <d2l_2p0:enumeration>6</d2l_2p0:enumeration>
              <d2l_2p0:grading_type>0</d2l_2p0:grading_type>
            </response_extension>
            <response_lid ident="Week08_Q2_LID" rcardinality="Single">
              <render_choice shuffle="no">
                <flow_label class="Block">
                  <response_label ident="Week08_QUES_2_ANS_1">
                    <flow_mat>
                      <material>
                        <mattext texttype="text/html">We let &lt;math xmlns="http://www.w3.org/1998/Math/MathML">&lt;mrow>&lt;msub>&lt;mi>x&lt;/mi>&lt;mn>1&lt;/mn>&lt;/msub>&lt;mo>=&lt;/mo>&lt;mi>t&lt;/mi>&lt;mo>,&lt;/mo>&lt;msub>&lt;mi>x&lt;/mi>&lt;mn>2&lt;/mn>&lt;/msub>&lt;mo>=&lt;/mo>&lt;mn>1&lt;/mn>&lt;/mrow>&lt;/math>.

</mattext>
                      </material>
                    </flow_mat>
                  </response_label>
                </flow_label>
                <flow_label class="Block">
                  <response_label ident="Week08_QUES_2_ANS_2">
                    <flow_mat>
                      <material>
                        <mattext texttype="text/html">We let &lt;math xmlns="http://www.w3.org/1998/Math/MathML">&lt;mrow>&lt;msub>&lt;mi>x&lt;/mi>&lt;mn>1&lt;/mn>&lt;/msub>&lt;mo>=&lt;/mo>&lt;mi>cos&lt;/mi>&lt;mrow>&lt;mo form="prefix">(&lt;/mo>&lt;mi>t&lt;/mi>&lt;mo form="postfix">)&lt;/mo>&lt;/mrow>&lt;mo>,&lt;/mo>&lt;msub>&lt;mi>x&lt;/mi>&lt;mn>2&lt;/mn>&lt;/msub>&lt;mo>=&lt;/mo>&lt;mi>sin&lt;/mi>&lt;mrow>&lt;mo form="prefix">(&lt;/mo>&lt;mi>t&lt;/mi>&lt;mo form="postfix">)&lt;/mo>&lt;/mrow>&lt;/mrow>&lt;/math>.

</mattext>
                      </material>
                    </flow_mat>
                  </response_label>
                </flow_label>
                <flow_label class="Block">
                  <response_label ident="Week08_QUES_2_ANS_3">
                    <flow_mat>
                      <material>
                        <mattext texttype="text/html">We let &lt;math xmlns="http://www.w3.org/1998/Math/MathML">&lt;mrow>&lt;msub>&lt;mi>w&lt;/mi>&lt;mn>1&lt;/mn>&lt;/msub>&lt;mo>=&lt;/mo>&lt;mi>x&lt;/mi>&lt;mo>,&lt;/mo>&lt;msub>&lt;mi>w&lt;/mi>&lt;mn>2&lt;/mn>&lt;/msub>&lt;mo>=&lt;/mo>&lt;mi>x&lt;/mi>&lt;mo>'&lt;/mo>&lt;/mrow>&lt;/math>.

</mattext>
                      </material>
                    </flow_mat>
                  </response_label>
                </flow_label>
                <flow_label class="Block">
                  <response_label ident="Week08_QUES_2_ANS_4">
                    <flow_mat>
                      <material>
                        <mattext texttype="text/html">We let &lt;math xmlns="http://www.w3.org/1998/Math/MathML">&lt;mrow>&lt;msub>&lt;mi>w&lt;/mi>&lt;mn>1&lt;/mn>&lt;/msub>&lt;mo>=&lt;/mo>&lt;mi>x&lt;/mi>&lt;mo>,&lt;/mo>&lt;msub>&lt;mi>w&lt;/mi>&lt;mn>2&lt;/mn>&lt;/msub>&lt;mo>=&lt;/mo>&lt;mn>1&lt;/mn>&lt;/mrow>&lt;/math>.

</mattext>
                      </material>
                    </flow_mat>
                  </response_label>
                </flow_label>
              </render_choice>
            </response_lid>
          </flow>
        </presentation>
        <resprocessing>
          <respcondition title="Response Condition 1">
            <conditionvar>
              <varequal respident="Week08_Q2_LID">Week08_QUES_2_ANS_1</varequal>
            </conditionvar>
            <setvar action="Set">0</setvar>
            <displayfeedback feedbacktype="Response" linkrefid="QUES_ANSWER_1">We let &lt;math xmlns="http://www.w3.org/1998/Math/MathML">&lt;mrow>&lt;msub>&lt;mi>x&lt;/mi>&lt;mn>1&lt;/mn>&lt;/msub>&lt;mo>=&lt;/mo>&lt;mi>t&lt;/mi>&lt;mo>,&lt;/mo>&lt;msub>&lt;mi>x&lt;/mi>&lt;mn>2&lt;/mn>&lt;/msub>&lt;mo>=&lt;/mo>&lt;mn>1&lt;/mn>&lt;/mrow>&lt;/math>.

</displayfeedback>
          </respcondition>
          <respcondition title="Response Condition 2">
            <conditionvar>
              <varequal respident="Week08_Q2_LID">Week08_QUES_2_ANS_2</varequal>
            </conditionvar>
            <setvar action="Set">0</setvar>
            <displayfeedback feedbacktype="Response" linkrefid="QUES_ANSWER_2">We let &lt;math xmlns="http://www.w3.org/1998/Math/MathML">&lt;mrow>&lt;msub>&lt;mi>x&lt;/mi>&lt;mn>1&lt;/mn>&lt;/msub>&lt;mo>=&lt;/mo>&lt;mi>cos&lt;/mi>&lt;mrow>&lt;mo form="prefix">(&lt;/mo>&lt;mi>t&lt;/mi>&lt;mo form="postfix">)&lt;/mo>&lt;/mrow>&lt;mo>,&lt;/mo>&lt;msub>&lt;mi>x&lt;/mi>&lt;mn>2&lt;/mn>&lt;/msub>&lt;mo>=&lt;/mo>&lt;mi>sin&lt;/mi>&lt;mrow>&lt;mo form="prefix">(&lt;/mo>&lt;mi>t&lt;/mi>&lt;mo form="postfix">)&lt;/mo>&lt;/mrow>&lt;/mrow>&lt;/math>.

</displayfeedback>
          </respcondition>
          <respcondition title="Response Condition 3">
            <conditionvar>
              <varequal respident="Week08_Q2_LID">Week08_QUES_2_ANS_3</varequal>
            </conditionvar>
            <setvar action="Set">100</setvar>
            <displayfeedback feedbacktype="Response" linkrefid="QUES_ANSWER_3">We let &lt;math xmlns="http://www.w3.org/1998/Math/MathML">&lt;mrow>&lt;msub>&lt;mi>w&lt;/mi>&lt;mn>1&lt;/mn>&lt;/msub>&lt;mo>=&lt;/mo>&lt;mi>x&lt;/mi>&lt;mo>,&lt;/mo>&lt;msub>&lt;mi>w&lt;/mi>&lt;mn>2&lt;/mn>&lt;/msub>&lt;mo>=&lt;/mo>&lt;mi>x&lt;/mi>&lt;mo>'&lt;/mo>&lt;/mrow>&lt;/math>.

</displayfeedback>
          </respcondition>
          <respcondition title="Response Condition 4">
            <conditionvar>
              <varequal respident="Week08_Q2_LID">Week08_QUES_2_ANS_4</varequal>
            </conditionvar>
            <setvar action="Set">0</setvar>
            <displayfeedback feedbacktype="Response" linkrefid="QUES_ANSWER_4">We let &lt;math xmlns="http://www.w3.org/1998/Math/MathML">&lt;mrow>&lt;msub>&lt;mi>w&lt;/mi>&lt;mn>1&lt;/mn>&lt;/msub>&lt;mo>=&lt;/mo>&lt;mi>x&lt;/mi>&lt;mo>,&lt;/mo>&lt;msub>&lt;mi>w&lt;/mi>&lt;mn>2&lt;/mn>&lt;/msub>&lt;mo>=&lt;/mo>&lt;mn>1&lt;/mn>&lt;/mrow>&lt;/math>.

</displayfeedback>
          </respcondition>
        </resprocessing>
        <itemfeedback ident="Week08_Q2">
          <material>
            <mattext texttype="text/html">&lt;math xmlns="http://www.w3.org/1998/Math/MathML">&lt;mrow>&lt;mi>x&lt;/mi>&lt;/mrow>&lt;/math> is already defined in the differential equation, so we can't re-define it. &lt;br /> The standard substitution has to be about the &lt;b>dependent variable&lt;/b> and its derivative.</mattext>
          </material>
        </itemfeedback>
      </item>
      <item d2l_2p0:id="3" d2l_2p0:page="1" ident="OBJ_115255" label="Week08_Q3" title="Week08_Q3">
        <itemmetadata>
          <qtimetadata>
            <qti_metadatafield>
              <fieldlabel>qmd_computerscored</fieldlabel>
              <fieldentry>yes</fieldentry>
            </qti_metadatafield>
            <qti_metadatafield>
              <fieldlabel>qmd_questiontype</fieldlabel>
              <fieldentry>Multiple Choice</fieldentry>
            </qti_metadatafield>
            <qti_metadatafield>
              <fieldlabel>qmd_weighting</fieldlabel>
              <fieldentry>1.000000000</fieldentry>
            </qti_metadatafield>
            <qti_metadatafield>
              <fieldlabel>qmd_globalid</fieldlabel>
              <fieldentry>8c61469b-13e8-4b17-825d-7a96d1cf3bdd</fieldentry>
            </qti_metadatafield>
            <qti_metadatafield>
              <fieldlabel>qmd_displayid</fieldlabel>
              <fieldentry>MNTC_P04 2015/16 W-396</fieldentry>
            </qti_metadatafield>
          </qtimetadata>
        </itemmetadata>
        <itemproc_extension>
          <d2l_2p0:difficulty>1</d2l_2p0:difficulty>
          <d2l_2p0:isbonus>no</d2l_2p0:isbonus>
          <d2l_2p0:ismandatory>no</d2l_2p0:ismandatory>
        </itemproc_extension>
        <presentation>
          <flow>
            <material>
              <mattext texttype="text/html">For the differential equation &lt;br /> &lt;math xmlns="http://www.w3.org/1998/Math/MathML">&lt;mrow>&lt;mn>3&lt;/mn>&lt;mi>x&lt;/mi>&lt;mo>'&lt;/mo>&lt;mo>'&lt;/mo>&lt;mo>+&lt;/mo>&lt;mn>7&lt;/mn>&lt;mi>x&lt;/mi>&lt;mo>'&lt;/mo>&lt;mo>-&lt;/mo>&lt;mn>4&lt;/mn>&lt;mi>x&lt;/mi>&lt;mo>=&lt;/mo>&lt;mi>cos&lt;/mi>&lt;mrow>&lt;mo form="prefix">(&lt;/mo>&lt;mi>t&lt;/mi>&lt;mo form="postfix">)&lt;/mo>&lt;/mrow>&lt;/mrow>&lt;/math>, &lt;br /> using the substitutions &lt;math xmlns="http://www.w3.org/1998/Math/MathML">&lt;mrow>&lt;msub>&lt;mi>w&lt;/mi>&lt;mn>1&lt;/mn>&lt;/msub>&lt;mo>=&lt;/mo>&lt;mi>x&lt;/mi>&lt;/mrow>&lt;/math> and &lt;math xmlns="http://www.w3.org/1998/Math/MathML">&lt;mrow>&lt;msub>&lt;mi>w&lt;/mi>&lt;mn>2&lt;/mn>&lt;/msub>&lt;mo>=&lt;/mo>&lt;mi>x&lt;/mi>&lt;mo>'&lt;/mo>&lt;/mrow>&lt;/math>, what would be the new equivalent system of first-order DEs?

</mattext>
            </material>
            <response_extension>
              <d2l_2p0:display_style>2</d2l_2p0:display_style>
              <d2l_2p0:enumeration>6</d2l_2p0:enumeration>
              <d2l_2p0:grading_type>0</d2l_2p0:grading_type>
            </response_extension>
            <response_lid ident="Week08_Q3_LID" rcardinality="Single">
              <render_choice shuffle="no">
                <flow_label class="Block">
                  <response_label ident="Week08_QUES_3_ANS_1">
                    <flow_mat>
                      <material>
                        <mattext texttype="text/html">&lt;math xmlns="http://www.w3.org/1998/Math/MathML">&lt;mrow>&lt;mstyle displaystyle="true">&lt;mfrac linethickness="1">&lt;mrow>&lt;mi>d&lt;/mi>&lt;msub>&lt;mi>w&lt;/mi>&lt;mn>1&lt;/mn>&lt;/msub>&lt;/mrow>&lt;mrow>&lt;mi>d&lt;/mi>&lt;mi>t&lt;/mi>&lt;/mrow>&lt;/mfrac>&lt;mo>=&lt;/mo>&lt;msub>&lt;mi>w&lt;/mi>&lt;mn>2&lt;/mn>&lt;/msub>&lt;mo>,&lt;/mo>&lt;mi>&amp;nbsp;&lt;/mi>&lt;mi>&amp;nbsp;&lt;/mi>&lt;mi>&amp;nbsp;&lt;/mi>&lt;mi>&amp;nbsp;&lt;/mi>&lt;mi>&amp;nbsp;&lt;/mi>&lt;mfrac linethickness="1">&lt;mrow>&lt;mi>d&lt;/mi>&lt;msub>&lt;mi>w&lt;/mi>&lt;mn>2&lt;/mn>&lt;/msub>&lt;/mrow>&lt;mrow>&lt;mi>d&lt;/mi>&lt;mi>t&lt;/mi>&lt;/mrow>&lt;/mfrac>&lt;mo>=&lt;/mo>&lt;mfrac linethickness="1">&lt;mn>1&lt;/mn>&lt;mn>3&lt;/mn>&lt;/mfrac>&lt;mrow>&lt;mo form="prefix">(&lt;/mo>&lt;mn>7&lt;/mn>&lt;mi>x&lt;/mi>&lt;mo>'&lt;/mo>&lt;mo>-&lt;/mo>&lt;mn>4&lt;/mn>&lt;mi>x&lt;/mi>&lt;mo>+&lt;/mo>&lt;mi>cos&lt;/mi>&lt;mo form="prefix">(&lt;/mo>&lt;mi>t&lt;/mi>&lt;mo form="postfix">)&lt;/mo>&lt;mo form="postfix">)&lt;/mo>&lt;/mrow>&lt;/mstyle>&lt;/mrow>&lt;/math>

</mattext>
                      </material>
                    </flow_mat>
                  </response_label>
                </flow_label>
                <flow_label class="Block">
                  <response_label ident="Week08_QUES_3_ANS_2">
                    <flow_mat>
                      <material>
                        <mattext texttype="text/html">&lt;math xmlns="http://www.w3.org/1998/Math/MathML">&lt;mrow>&lt;mstyle displaystyle="true">&lt;mfrac linethickness="1">&lt;mrow>&lt;mi>d&lt;/mi>&lt;msub>&lt;mi>w&lt;/mi>&lt;mn>1&lt;/mn>&lt;/msub>&lt;/mrow>&lt;mrow>&lt;mi>d&lt;/mi>&lt;mi>t&lt;/mi>&lt;/mrow>&lt;/mfrac>&lt;mo>=&lt;/mo>&lt;msub>&lt;mi>w&lt;/mi>&lt;mn>2&lt;/mn>&lt;/msub>&lt;mo>,&lt;/mo>&lt;mi>&amp;nbsp;&lt;/mi>&lt;mi>&amp;nbsp;&lt;/mi>&lt;mi>&amp;nbsp;&lt;/mi>&lt;mi>&amp;nbsp;&lt;/mi>&lt;mi>&amp;nbsp;&lt;/mi>&lt;mfrac linethickness="1">&lt;mrow>&lt;mi>d&lt;/mi>&lt;msub>&lt;mi>w&lt;/mi>&lt;mn>2&lt;/mn>&lt;/msub>&lt;/mrow>&lt;mrow>&lt;mi>d&lt;/mi>&lt;mi>t&lt;/mi>&lt;/mrow>&lt;/mfrac>&lt;mo>=&lt;/mo>&lt;mfrac linethickness="1">&lt;mn>1&lt;/mn>&lt;mn>3&lt;/mn>&lt;/mfrac>&lt;mrow>&lt;mo form="prefix">(&lt;/mo>&lt;mi>cos&lt;/mi>&lt;mo form="prefix">(&lt;/mo>&lt;mi>t&lt;/mi>&lt;mo form="postfix">)&lt;/mo>&lt;mo>-&lt;/mo>&lt;mn>7&lt;/mn>&lt;msub>&lt;mi>w&lt;/mi>&lt;mn>2&lt;/mn>&lt;/msub>&lt;mo>+&lt;/mo>&lt;mn>4&lt;/mn>&lt;msub>&lt;mi>w&lt;/mi>&lt;mn>1&lt;/mn>&lt;/msub>&lt;mo form="postfix">)&lt;/mo>&lt;/mrow>&lt;/mstyle>&lt;/mrow>&lt;/math>

</mattext>
                      </material>
                    </flow_mat>
                  </response_label>
                </flow_label>
                <flow_label class="Block">
                  <response_label ident="Week08_QUES_3_ANS_3">
                    <flow_mat>
                      <material>
                        <mattext texttype="text/html">&lt;math xmlns="http://www.w3.org/1998/Math/MathML">&lt;mrow>&lt;mstyle displaystyle="true">&lt;msub>&lt;mi>w&lt;/mi>&lt;mn>1&lt;/mn>&lt;/msub>&lt;mo>=&lt;/mo>&lt;msub>&lt;mi>w&lt;/mi>&lt;mn>2&lt;/mn>&lt;/msub>&lt;mo>,&lt;/mo>&lt;mi>&amp;nbsp;&lt;/mi>&lt;mi>&amp;nbsp;&lt;/mi>&lt;mi>&amp;nbsp;&lt;/mi>&lt;mi>&amp;nbsp;&lt;/mi>&lt;mi>&amp;nbsp;&lt;/mi>&lt;msub>&lt;mi>w&lt;/mi>&lt;mn>2&lt;/mn>&lt;/msub>&lt;mo>=&lt;/mo>&lt;mfrac linethickness="1">&lt;mn>1&lt;/mn>&lt;mn>3&lt;/mn>&lt;/mfrac>&lt;mrow>&lt;mo form="prefix">(&lt;/mo>&lt;mn>7&lt;/mn>&lt;mi>x&lt;/mi>&lt;mo>'&lt;/mo>&lt;mo>-&lt;/mo>&lt;mn>4&lt;/mn>&lt;mi>x&lt;/mi>&lt;mo>+&lt;/mo>&lt;mi>cos&lt;/mi>&lt;mo form="prefix">(&lt;/mo>&lt;mi>t&lt;/mi>&lt;mo form="postfix">)&lt;/mo>&lt;mo form="postfix">)&lt;/mo>&lt;/mrow>&lt;/mstyle>&lt;/mrow>&lt;/math>

</mattext>
                      </material>
                    </flow_mat>
                  </response_label>
                </flow_label>
                <flow_label class="Block">
                  <response_label ident="Week08_QUES_3_ANS_4">
                    <flow_mat>
                      <material>
                        <mattext texttype="text/html">&lt;math xmlns="http://www.w3.org/1998/Math/MathML">&lt;mrow>&lt;mstyle displaystyle="true">&lt;msub>&lt;mi>w&lt;/mi>&lt;mn>1&lt;/mn>&lt;/msub>&lt;mo>=&lt;/mo>&lt;msub>&lt;mi>w&lt;/mi>&lt;mn>2&lt;/mn>&lt;/msub>&lt;mo>,&lt;/mo>&lt;mi>&amp;nbsp;&lt;/mi>&lt;mi>&amp;nbsp;&lt;/mi>&lt;mi>&amp;nbsp;&lt;/mi>&lt;mi>&amp;nbsp;&lt;/mi>&lt;mi>&amp;nbsp;&lt;/mi>&lt;msub>&lt;mi>w&lt;/mi>&lt;mn>2&lt;/mn>&lt;/msub>&lt;mo>=&lt;/mo>&lt;mfrac linethickness="1">&lt;mn>1&lt;/mn>&lt;mn>3&lt;/mn>&lt;/mfrac>&lt;mrow>&lt;mo form="prefix">(&lt;/mo>&lt;mi>cos&lt;/mi>&lt;mo form="prefix">(&lt;/mo>&lt;mi>t&lt;/mi>&lt;mo form="postfix">)&lt;/mo>&lt;mo>-&lt;/mo>&lt;mn>7&lt;/mn>&lt;msub>&lt;mi>w&lt;/mi>&lt;mn>2&lt;/mn>&lt;/msub>&lt;mo>+&lt;/mo>&lt;mn>4&lt;/mn>&lt;msub>&lt;mi>w&lt;/mi>&lt;mn>1&lt;/mn>&lt;/msub>&lt;mo form="postfix">)&lt;/mo>&lt;/mrow>&lt;/mstyle>&lt;/mrow>&lt;/math>

</mattext>
                      </material>
                    </flow_mat>
                  </response_label>
                </flow_label>
              </render_choice>
            </response_lid>
          </flow>
        </presentation>
        <resprocessing>
          <respcondition title="Response Condition 1">
            <conditionvar>
              <varequal respident="Week08_Q3_LID">Week08_QUES_3_ANS_1</varequal>
            </conditionvar>
            <setvar action="Set">0</setvar>
            <displayfeedback feedbacktype="Response" linkrefid="QUES_ANSWER_1">&lt;math xmlns="http://www.w3.org/1998/Math/MathML">&lt;mrow>&lt;mstyle displaystyle="true">&lt;mfrac linethickness="1">&lt;mrow>&lt;mi>d&lt;/mi>&lt;msub>&lt;mi>w&lt;/mi>&lt;mn>1&lt;/mn>&lt;/msub>&lt;/mrow>&lt;mrow>&lt;mi>d&lt;/mi>&lt;mi>t&lt;/mi>&lt;/mrow>&lt;/mfrac>&lt;mo>=&lt;/mo>&lt;msub>&lt;mi>w&lt;/mi>&lt;mn>2&lt;/mn>&lt;/msub>&lt;mo>,&lt;/mo>&lt;mi>&amp;nbsp;&lt;/mi>&lt;mi>&amp;nbsp;&lt;/mi>&lt;mi>&amp;nbsp;&lt;/mi>&lt;mi>&amp;nbsp;&lt;/mi>&lt;mi>&amp;nbsp;&lt;/mi>&lt;mfrac linethickness="1">&lt;mrow>&lt;mi>d&lt;/mi>&lt;msub>&lt;mi>w&lt;/mi>&lt;mn>2&lt;/mn>&lt;/msub>&lt;/mrow>&lt;mrow>&lt;mi>d&lt;/mi>&lt;mi>t&lt;/mi>&lt;/mrow>&lt;/mfrac>&lt;mo>=&lt;/mo>&lt;mfrac linethickness="1">&lt;mn>1&lt;/mn>&lt;mn>3&lt;/mn>&lt;/mfrac>&lt;mrow>&lt;mo form="prefix">(&lt;/mo>&lt;mn>7&lt;/mn>&lt;mi>x&lt;/mi>&lt;mo>'&lt;/mo>&lt;mo>-&lt;/mo>&lt;mn>4&lt;/mn>&lt;mi>x&lt;/mi>&lt;mo>+&lt;/mo>&lt;mi>cos&lt;/mi>&lt;mo form="prefix">(&lt;/mo>&lt;mi>t&lt;/mi>&lt;mo form="postfix">)&lt;/mo>&lt;mo form="postfix">)&lt;/mo>&lt;/mrow>&lt;/mstyle>&lt;/mrow>&lt;/math>

</displayfeedback>
          </respcondition>
          <respcondition title="Response Condition 2">
            <conditionvar>
              <varequal respident="Week08_Q3_LID">Week08_QUES_3_ANS_2</varequal>
            </conditionvar>
            <setvar action="Set">100</setvar>
            <displayfeedback feedbacktype="Response" linkrefid="QUES_ANSWER_2">&lt;math xmlns="http://www.w3.org/1998/Math/MathML">&lt;mrow>&lt;mstyle displaystyle="true">&lt;mfrac linethickness="1">&lt;mrow>&lt;mi>d&lt;/mi>&lt;msub>&lt;mi>w&lt;/mi>&lt;mn>1&lt;/mn>&lt;/msub>&lt;/mrow>&lt;mrow>&lt;mi>d&lt;/mi>&lt;mi>t&lt;/mi>&lt;/mrow>&lt;/mfrac>&lt;mo>=&lt;/mo>&lt;msub>&lt;mi>w&lt;/mi>&lt;mn>2&lt;/mn>&lt;/msub>&lt;mo>,&lt;/mo>&lt;mi>&amp;nbsp;&lt;/mi>&lt;mi>&amp;nbsp;&lt;/mi>&lt;mi>&amp;nbsp;&lt;/mi>&lt;mi>&amp;nbsp;&lt;/mi>&lt;mi>&amp;nbsp;&lt;/mi>&lt;mfrac linethickness="1">&lt;mrow>&lt;mi>d&lt;/mi>&lt;msub>&lt;mi>w&lt;/mi>&lt;mn>2&lt;/mn>&lt;/msub>&lt;/mrow>&lt;mrow>&lt;mi>d&lt;/mi>&lt;mi>t&lt;/mi>&lt;/mrow>&lt;/mfrac>&lt;mo>=&lt;/mo>&lt;mfrac linethickness="1">&lt;mn>1&lt;/mn>&lt;mn>3&lt;/mn>&lt;/mfrac>&lt;mrow>&lt;mo form="prefix">(&lt;/mo>&lt;mi>cos&lt;/mi>&lt;mo form="prefix">(&lt;/mo>&lt;mi>t&lt;/mi>&lt;mo form="postfix">)&lt;/mo>&lt;mo>-&lt;/mo>&lt;mn>7&lt;/mn>&lt;msub>&lt;mi>w&lt;/mi>&lt;mn>2&lt;/mn>&lt;/msub>&lt;mo>+&lt;/mo>&lt;mn>4&lt;/mn>&lt;msub>&lt;mi>w&lt;/mi>&lt;mn>1&lt;/mn>&lt;/msub>&lt;mo form="postfix">)&lt;/mo>&lt;/mrow>&lt;/mstyle>&lt;/mrow>&lt;/math>

</displayfeedback>
          </respcondition>
          <respcondition title="Response Condition 3">
            <conditionvar>
              <varequal respident="Week08_Q3_LID">Week08_QUES_3_ANS_3</varequal>
            </conditionvar>
            <setvar action="Set">0</setvar>
            <displayfeedback feedbacktype="Response" linkrefid="QUES_ANSWER_3">&lt;math xmlns="http://www.w3.org/1998/Math/MathML">&lt;mrow>&lt;mstyle displaystyle="true">&lt;msub>&lt;mi>w&lt;/mi>&lt;mn>1&lt;/mn>&lt;/msub>&lt;mo>=&lt;/mo>&lt;msub>&lt;mi>w&lt;/mi>&lt;mn>2&lt;/mn>&lt;/msub>&lt;mo>,&lt;/mo>&lt;mi>&amp;nbsp;&lt;/mi>&lt;mi>&amp;nbsp;&lt;/mi>&lt;mi>&amp;nbsp;&lt;/mi>&lt;mi>&amp;nbsp;&lt;/mi>&lt;mi>&amp;nbsp;&lt;/mi>&lt;msub>&lt;mi>w&lt;/mi>&lt;mn>2&lt;/mn>&lt;/msub>&lt;mo>=&lt;/mo>&lt;mfrac linethickness="1">&lt;mn>1&lt;/mn>&lt;mn>3&lt;/mn>&lt;/mfrac>&lt;mrow>&lt;mo form="prefix">(&lt;/mo>&lt;mn>7&lt;/mn>&lt;mi>x&lt;/mi>&lt;mo>'&lt;/mo>&lt;mo>-&lt;/mo>&lt;mn>4&lt;/mn>&lt;mi>x&lt;/mi>&lt;mo>+&lt;/mo>&lt;mi>cos&lt;/mi>&lt;mo form="prefix">(&lt;/mo>&lt;mi>t&lt;/mi>&lt;mo form="postfix">)&lt;/mo>&lt;mo form="postfix">)&lt;/mo>&lt;/mrow>&lt;/mstyle>&lt;/mrow>&lt;/math>

</displayfeedback>
          </respcondition>
          <respcondition title="Response Condition 4">
            <conditionvar>
              <varequal respident="Week08_Q3_LID">Week08_QUES_3_ANS_4</varequal>
            </conditionvar>
            <setvar action="Set">0</setvar>
            <displayfeedback feedbacktype="Response" linkrefid="QUES_ANSWER_4">&lt;math xmlns="http://www.w3.org/1998/Math/MathML">&lt;mrow>&lt;mstyle displaystyle="true">&lt;msub>&lt;mi>w&lt;/mi>&lt;mn>1&lt;/mn>&lt;/msub>&lt;mo>=&lt;/mo>&lt;msub>&lt;mi>w&lt;/mi>&lt;mn>2&lt;/mn>&lt;/msub>&lt;mo>,&lt;/mo>&lt;mi>&amp;nbsp;&lt;/mi>&lt;mi>&amp;nbsp;&lt;/mi>&lt;mi>&amp;nbsp;&lt;/mi>&lt;mi>&amp;nbsp;&lt;/mi>&lt;mi>&amp;nbsp;&lt;/mi>&lt;msub>&lt;mi>w&lt;/mi>&lt;mn>2&lt;/mn>&lt;/msub>&lt;mo>=&lt;/mo>&lt;mfrac linethickness="1">&lt;mn>1&lt;/mn>&lt;mn>3&lt;/mn>&lt;/mfrac>&lt;mrow>&lt;mo form="prefix">(&lt;/mo>&lt;mi>cos&lt;/mi>&lt;mo form="prefix">(&lt;/mo>&lt;mi>t&lt;/mi>&lt;mo form="postfix">)&lt;/mo>&lt;mo>-&lt;/mo>&lt;mn>7&lt;/mn>&lt;msub>&lt;mi>w&lt;/mi>&lt;mn>2&lt;/mn>&lt;/msub>&lt;mo>+&lt;/mo>&lt;mn>4&lt;/mn>&lt;msub>&lt;mi>w&lt;/mi>&lt;mn>1&lt;/mn>&lt;/msub>&lt;mo form="postfix">)&lt;/mo>&lt;/mrow>&lt;/mstyle>&lt;/mrow>&lt;/math>

</displayfeedback>
          </respcondition>
        </resprocessing>
        <itemfeedback ident="Week08_Q3">
          <material>
            <mattext texttype="text/html">For the new equations to be a system of differential equations, there must be derivatives involved. &lt;br /> The key steps in deriving the new equations are: &lt;ul> &lt;li> &lt;math xmlns="http://www.w3.org/1998/Math/MathML">&lt;mrow>&lt;mfrac linethickness="1">&lt;mrow>&lt;mi>d&lt;/mi>&lt;msub>&lt;mi>w&lt;/mi>&lt;mn>1&lt;/mn>&lt;/msub>&lt;/mrow>&lt;mrow>&lt;mi>d&lt;/mi>&lt;mi>t&lt;/mi>&lt;/mrow>&lt;/mfrac>&lt;mo>=&lt;/mo>&lt;mfrac linethickness="1">&lt;mrow>&lt;mi>d&lt;/mi>&lt;mi>x&lt;/mi>&lt;/mrow>&lt;mrow>&lt;mi>d&lt;/mi>&lt;mi>t&lt;/mi>&lt;/mrow>&lt;/mfrac>&lt;mo>=&lt;/mo>&lt;mi>x&lt;/mi>&lt;mo>'&lt;/mo>&lt;mo>=&lt;/mo>&lt;msub>&lt;mi>w&lt;/mi>&lt;mn>2&lt;/mn>&lt;/msub>&lt;/mrow>&lt;/math>, and &lt;li> &lt;math xmlns="http://www.w3.org/1998/Math/MathML">&lt;mrow>&lt;mfrac linethickness="1">&lt;mrow>&lt;mi>d&lt;/mi>&lt;msub>&lt;mi>w&lt;/mi>&lt;mn>2&lt;/mn>&lt;/msub>&lt;/mrow>&lt;mrow>&lt;mi>d&lt;/mi>&lt;mi>t&lt;/mi>&lt;/mrow>&lt;/mfrac>&lt;mo>=&lt;/mo>&lt;mfrac linethickness="1">&lt;mrow>&lt;mi>d&lt;/mi>&lt;mi>x&lt;/mi>&lt;mo>'&lt;/mo>&lt;/mrow>&lt;mrow>&lt;mi>d&lt;/mi>&lt;mi>t&lt;/mi>&lt;/mrow>&lt;/mfrac>&lt;mo>=&lt;/mo>&lt;mi>x&lt;/mi>&lt;mo>'&lt;/mo>&lt;mo>'&lt;/mo>&lt;/mrow>&lt;/math>, which we can solve for in the original differential equation, &lt;math xmlns="http://www.w3.org/1998/Math/MathML">&lt;mrow>&lt;mn>3&lt;/mn>&lt;mi>x&lt;/mi>&lt;mo>'&lt;/mo>&lt;mo>'&lt;/mo>&lt;mo>+&lt;/mo>&lt;mn>7&lt;/mn>&lt;mi>x&lt;/mi>&lt;mo>'&lt;/mo>&lt;mo>-&lt;/mo>&lt;mn>4&lt;/mn>&lt;mi>x&lt;/mi>&lt;mo>=&lt;/mo>&lt;mi>cos&lt;/mi>&lt;mrow>&lt;mo form="prefix">(&lt;/mo>&lt;mi>t&lt;/mi>&lt;mo form="postfix">)&lt;/mo>&lt;/mrow>&lt;/mrow>&lt;/math>. &lt;/ul></mattext>
          </material>
        </itemfeedback>
      </item>
    </section>
  </objectbank>
</questestinterop>
