<?xml version="1.0" encoding="UTF-8"?>
<questestinterop>
  <objectbank ident="QLIB_50893" xmlns:d2l_2p0="http://desire2learn.com/xsd/d2lcp_v2p0">
    <section d2l_2p0:id="2" ident="SECT_119460" title="Week07">
      <sectionproc_extension>
        <d2l_2p0:display_section_name>no</d2l_2p0:display_section_name>
        <d2l_2p0:display_section_line>no</d2l_2p0:display_section_line>
        <d2l_2p0:type_display_section>0</d2l_2p0:type_display_section>
      </sectionproc_extension>
      <item d2l_2p0:id="3" d2l_2p0:page="1" ident="OBJ_115255" label="Week07_Q1" title="Week07_Q1">
        <itemmetadata>
          <qtimetadata>
            <qti_metadatafield>
              <fieldlabel>qmd_computerscored</fieldlabel>
              <fieldentry>yes</fieldentry>
            </qti_metadatafield>
            <qti_metadatafield>
              <fieldlabel>qmd_questiontype</fieldlabel>
              <fieldentry>Multiple Choice</fieldentry>
            </qti_metadatafield>
            <qti_metadatafield>
              <fieldlabel>qmd_weighting</fieldlabel>
              <fieldentry>1.000000000</fieldentry>
            </qti_metadatafield>
            <qti_metadatafield>
              <fieldlabel>qmd_globalid</fieldlabel>
              <fieldentry>8c61469b-13e8-4b17-825d-7a96d1cf3bdd</fieldentry>
            </qti_metadatafield>
            <qti_metadatafield>
              <fieldlabel>qmd_displayid</fieldlabel>
              <fieldentry>MNTC_P04 2015/16 W-396</fieldentry>
            </qti_metadatafield>
          </qtimetadata>
        </itemmetadata>
        <itemproc_extension>
          <d2l_2p0:difficulty>1</d2l_2p0:difficulty>
          <d2l_2p0:isbonus>no</d2l_2p0:isbonus>
          <d2l_2p0:ismandatory>no</d2l_2p0:ismandatory>
        </itemproc_extension>
        <presentation>
          <flow>
            <material>
              <mattext texttype="text/html"> Complete the following sentence.  "A differential equation is..." </mattext>
            </material>
            <response_extension>
              <d2l_2p0:display_style>2</d2l_2p0:display_style>
              <d2l_2p0:enumeration>6</d2l_2p0:enumeration>
              <d2l_2p0:grading_type>0</d2l_2p0:grading_type>
            </response_extension>
            <response_lid ident="Week07_Q1_LID" rcardinality="Single">
              <render_choice shuffle="no">
                <flow_label class="Block">
                  <response_label ident="Week07_QUES_1_ANS_1">
                    <flow_mat>
                      <material>
                        <mattext texttype="text/html"> An equation that uses differences to evaluate derivatives. </mattext>
                      </material>
                    </flow_mat>
                  </response_label>
                </flow_label>
                <flow_label class="Block">
                  <response_label ident="Week07_QUES_1_ANS_2">
                    <flow_mat>
                      <material>
                        <mattext texttype="text/html"> An equation that has derivatives in it dealing with many factors. </mattext>
                      </material>
                    </flow_mat>
                  </response_label>
                </flow_label>
                <flow_label class="Block">
                  <response_label ident="Week07_QUES_1_ANS_3">
                    <flow_mat>
                      <material>
                        <mattext texttype="text/html"> An equation that uses differentials to approximate an area. </mattext>
                      </material>
                    </flow_mat>
                  </response_label>
                </flow_label>
                <flow_label class="Block">
                  <response_label ident="Week07_QUES_1_ANS_4">
                    <flow_mat>
                      <material>
                        <mattext texttype="text/html"> An equation relating an unknown function and one or more of its derivatives. </mattext>
                      </material>
                    </flow_mat>
                  </response_label>
                </flow_label>
              </render_choice>
            </response_lid>
          </flow>
        </presentation>
        <resprocessing>
          <respcondition title="Response Condition 1">
            <conditionvar>
              <varequal respident="Week07_Q1_LID">Week07_QUES_1_ANS_1</varequal>
            </conditionvar>
            <setvar action="Set">0</setvar>
            <displayfeedback feedbacktype="Response" linkrefid="QUES_ANSWER_1"> An equation that uses differences to evaluate derivatives. </displayfeedback>
          </respcondition>
          <respcondition title="Response Condition 2">
            <conditionvar>
              <varequal respident="Week07_Q1_LID">Week07_QUES_1_ANS_2</varequal>
            </conditionvar>
            <setvar action="Set">0</setvar>
            <displayfeedback feedbacktype="Response" linkrefid="QUES_ANSWER_2"> An equation that has derivatives in it dealing with many factors. </displayfeedback>
          </respcondition>
          <respcondition title="Response Condition 3">
            <conditionvar>
              <varequal respident="Week07_Q1_LID">Week07_QUES_1_ANS_3</varequal>
            </conditionvar>
            <setvar action="Set">0</setvar>
            <displayfeedback feedbacktype="Response" linkrefid="QUES_ANSWER_3"> An equation that uses differentials to approximate an area. </displayfeedback>
          </respcondition>
          <respcondition title="Response Condition 4">
            <conditionvar>
              <varequal respident="Week07_Q1_LID">Week07_QUES_1_ANS_4</varequal>
            </conditionvar>
            <setvar action="Set">100</setvar>
            <displayfeedback feedbacktype="Response" linkrefid="QUES_ANSWER_4"> An equation relating an unknown function and one or more of its derivatives. </displayfeedback>
          </respcondition>
        </resprocessing>
        <itemfeedback ident="Week07_Q1">
          <material>
            <mattext texttype="text/html"> Check the notes! </mattext>
          </material>
        </itemfeedback>
      </item>
      <item d2l_2p0:id="3" d2l_2p0:page="1" ident="OBJ_115255" label="Week07_Q2" title="Week07_Q2">
        <itemmetadata>
          <qtimetadata>
            <qti_metadatafield>
              <fieldlabel>qmd_computerscored</fieldlabel>
              <fieldentry>yes</fieldentry>
            </qti_metadatafield>
            <qti_metadatafield>
              <fieldlabel>qmd_questiontype</fieldlabel>
              <fieldentry>Multiple Choice</fieldentry>
            </qti_metadatafield>
            <qti_metadatafield>
              <fieldlabel>qmd_weighting</fieldlabel>
              <fieldentry>1.000000000</fieldentry>
            </qti_metadatafield>
            <qti_metadatafield>
              <fieldlabel>qmd_globalid</fieldlabel>
              <fieldentry>8c61469b-13e8-4b17-825d-7a96d1cf3bdd</fieldentry>
            </qti_metadatafield>
            <qti_metadatafield>
              <fieldlabel>qmd_displayid</fieldlabel>
              <fieldentry>MNTC_P04 2015/16 W-396</fieldentry>
            </qti_metadatafield>
          </qtimetadata>
        </itemmetadata>
        <itemproc_extension>
          <d2l_2p0:difficulty>1</d2l_2p0:difficulty>
          <d2l_2p0:isbonus>no</d2l_2p0:isbonus>
          <d2l_2p0:ismandatory>no</d2l_2p0:ismandatory>
        </itemproc_extension>
        <presentation>
          <flow>
            <material>
              <mattext texttype="text/html">Consider the equation &lt;math xmlns="http://www.w3.org/1998/Math/MathML">&lt;mrow>&lt;mfrac linethickness="1">&lt;mrow>&lt;mi>d&lt;/mi>&lt;mi>y&lt;/mi>&lt;/mrow>&lt;mrow>&lt;mi>d&lt;/mi>&lt;mi>t&lt;/mi>&lt;/mrow>&lt;/mfrac>&lt;mo>=&lt;/mo>&lt;mi>k&lt;/mi>&lt;mi>y&lt;/mi>&lt;/mrow>&lt;/math>. What function satisfies this equation?

</mattext>
            </material>
            <response_extension>
              <d2l_2p0:display_style>2</d2l_2p0:display_style>
              <d2l_2p0:enumeration>6</d2l_2p0:enumeration>
              <d2l_2p0:grading_type>0</d2l_2p0:grading_type>
            </response_extension>
            <response_lid ident="Week07_Q2_LID" rcardinality="Single">
              <render_choice shuffle="no">
                <flow_label class="Block">
                  <response_label ident="Week07_QUES_2_ANS_1">
                    <flow_mat>
                      <material>
                        <mattext texttype="text/html">&lt;math xmlns="http://www.w3.org/1998/Math/MathML">&lt;mrow>&lt;mi>y&lt;/mi>&lt;mo>=&lt;/mo>&lt;msup>&lt;mi>e&lt;/mi>&lt;mi>t&lt;/mi>&lt;/msup>&lt;/mrow>&lt;/math>

</mattext>
                      </material>
                    </flow_mat>
                  </response_label>
                </flow_label>
                <flow_label class="Block">
                  <response_label ident="Week07_QUES_2_ANS_2">
                    <flow_mat>
                      <material>
                        <mattext texttype="text/html">&lt;math xmlns="http://www.w3.org/1998/Math/MathML">&lt;mrow>&lt;mi>y&lt;/mi>&lt;mo>=&lt;/mo>&lt;mi>k&lt;/mi>&lt;msup>&lt;mi>e&lt;/mi>&lt;mrow>&lt;mi>k&lt;/mi>&lt;mi>t&lt;/mi>&lt;/mrow>&lt;/msup>&lt;/mrow>&lt;/math>

</mattext>
                      </material>
                    </flow_mat>
                  </response_label>
                </flow_label>
                <flow_label class="Block">
                  <response_label ident="Week07_QUES_2_ANS_3">
                    <flow_mat>
                      <material>
                        <mattext texttype="text/html">&lt;math xmlns="http://www.w3.org/1998/Math/MathML">&lt;mrow>&lt;mi>y&lt;/mi>&lt;mo>=&lt;/mo>&lt;mi>A&lt;/mi>&lt;msup>&lt;mi>e&lt;/mi>&lt;mrow>&lt;mi>k&lt;/mi>&lt;mi>t&lt;/mi>&lt;/mrow>&lt;/msup>&lt;/mrow>&lt;/math>, where &lt;math xmlns="http://www.w3.org/1998/Math/MathML">&lt;mrow>&lt;mi>A&lt;/mi>&lt;/mrow>&lt;/math> is an arbitrary constant.

</mattext>
                      </material>
                    </flow_mat>
                  </response_label>
                </flow_label>
                <flow_label class="Block">
                  <response_label ident="Week07_QUES_2_ANS_4">
                    <flow_mat>
                      <material>
                        <mattext texttype="text/html">&lt;math xmlns="http://www.w3.org/1998/Math/MathML">&lt;mrow>&lt;mi>y&lt;/mi>&lt;mo>=&lt;/mo>&lt;mi>A&lt;/mi>&lt;msup>&lt;mi>e&lt;/mi>&lt;mi>t&lt;/mi>&lt;/msup>&lt;/mrow>&lt;/math>, where &lt;math xmlns="http://www.w3.org/1998/Math/MathML">&lt;mrow>&lt;mi>A&lt;/mi>&lt;/mrow>&lt;/math> is an arbitrary constant.

</mattext>
                      </material>
                    </flow_mat>
                  </response_label>
                </flow_label>
              </render_choice>
            </response_lid>
          </flow>
        </presentation>
        <resprocessing>
          <respcondition title="Response Condition 1">
            <conditionvar>
              <varequal respident="Week07_Q2_LID">Week07_QUES_2_ANS_1</varequal>
            </conditionvar>
            <setvar action="Set">0</setvar>
            <displayfeedback feedbacktype="Response" linkrefid="QUES_ANSWER_1">&lt;math xmlns="http://www.w3.org/1998/Math/MathML">&lt;mrow>&lt;mi>y&lt;/mi>&lt;mo>=&lt;/mo>&lt;msup>&lt;mi>e&lt;/mi>&lt;mi>t&lt;/mi>&lt;/msup>&lt;/mrow>&lt;/math>

</displayfeedback>
          </respcondition>
          <respcondition title="Response Condition 2">
            <conditionvar>
              <varequal respident="Week07_Q2_LID">Week07_QUES_2_ANS_2</varequal>
            </conditionvar>
            <setvar action="Set">0</setvar>
            <displayfeedback feedbacktype="Response" linkrefid="QUES_ANSWER_2">&lt;math xmlns="http://www.w3.org/1998/Math/MathML">&lt;mrow>&lt;mi>y&lt;/mi>&lt;mo>=&lt;/mo>&lt;mi>k&lt;/mi>&lt;msup>&lt;mi>e&lt;/mi>&lt;mrow>&lt;mi>k&lt;/mi>&lt;mi>t&lt;/mi>&lt;/mrow>&lt;/msup>&lt;/mrow>&lt;/math>

</displayfeedback>
          </respcondition>
          <respcondition title="Response Condition 3">
            <conditionvar>
              <varequal respident="Week07_Q2_LID">Week07_QUES_2_ANS_3</varequal>
            </conditionvar>
            <setvar action="Set">100</setvar>
            <displayfeedback feedbacktype="Response" linkrefid="QUES_ANSWER_3">&lt;math xmlns="http://www.w3.org/1998/Math/MathML">&lt;mrow>&lt;mi>y&lt;/mi>&lt;mo>=&lt;/mo>&lt;mi>A&lt;/mi>&lt;msup>&lt;mi>e&lt;/mi>&lt;mrow>&lt;mi>k&lt;/mi>&lt;mi>t&lt;/mi>&lt;/mrow>&lt;/msup>&lt;/mrow>&lt;/math>, where &lt;math xmlns="http://www.w3.org/1998/Math/MathML">&lt;mrow>&lt;mi>A&lt;/mi>&lt;/mrow>&lt;/math> is an arbitrary constant.

</displayfeedback>
          </respcondition>
          <respcondition title="Response Condition 4">
            <conditionvar>
              <varequal respident="Week07_Q2_LID">Week07_QUES_2_ANS_4</varequal>
            </conditionvar>
            <setvar action="Set">0</setvar>
            <displayfeedback feedbacktype="Response" linkrefid="QUES_ANSWER_4">&lt;math xmlns="http://www.w3.org/1998/Math/MathML">&lt;mrow>&lt;mi>y&lt;/mi>&lt;mo>=&lt;/mo>&lt;mi>A&lt;/mi>&lt;msup>&lt;mi>e&lt;/mi>&lt;mi>t&lt;/mi>&lt;/msup>&lt;/mrow>&lt;/math>, where &lt;math xmlns="http://www.w3.org/1998/Math/MathML">&lt;mrow>&lt;mi>A&lt;/mi>&lt;/mrow>&lt;/math> is an arbitrary constant.

</displayfeedback>
          </respcondition>
        </resprocessing>
        <itemfeedback ident="Week07_Q2">
          <material>
            <mattext texttype="text/html">To verify that a proposed function &lt;math xmlns="http://www.w3.org/1998/Math/MathML">&lt;mrow>&lt;mi>y&lt;/mi>&lt;/mrow>&lt;/math> is a solution to an equation, you sub it into the LHS, then the RHS, and check to see whether both sides are equal to each other.</mattext>
          </material>
        </itemfeedback>
      </item>
      <item d2l_2p0:id="3" d2l_2p0:page="1" ident="OBJ_115255" label="Week07_Q3" title="Week07_Q3">
        <itemmetadata>
          <qtimetadata>
            <qti_metadatafield>
              <fieldlabel>qmd_computerscored</fieldlabel>
              <fieldentry>yes</fieldentry>
            </qti_metadatafield>
            <qti_metadatafield>
              <fieldlabel>qmd_questiontype</fieldlabel>
              <fieldentry>Multiple Choice</fieldentry>
            </qti_metadatafield>
            <qti_metadatafield>
              <fieldlabel>qmd_weighting</fieldlabel>
              <fieldentry>1.000000000</fieldentry>
            </qti_metadatafield>
            <qti_metadatafield>
              <fieldlabel>qmd_globalid</fieldlabel>
              <fieldentry>8c61469b-13e8-4b17-825d-7a96d1cf3bdd</fieldentry>
            </qti_metadatafield>
            <qti_metadatafield>
              <fieldlabel>qmd_displayid</fieldlabel>
              <fieldentry>MNTC_P04 2015/16 W-396</fieldentry>
            </qti_metadatafield>
          </qtimetadata>
        </itemmetadata>
        <itemproc_extension>
          <d2l_2p0:difficulty>1</d2l_2p0:difficulty>
          <d2l_2p0:isbonus>no</d2l_2p0:isbonus>
          <d2l_2p0:ismandatory>no</d2l_2p0:ismandatory>
        </itemproc_extension>
        <presentation>
          <flow>
            <material>
              <mattext texttype="text/html">Given &lt;math xmlns="http://www.w3.org/1998/Math/MathML">&lt;mrow>&lt;mfrac linethickness="1">&lt;mrow>&lt;mi>d&lt;/mi>&lt;mi>y&lt;/mi>&lt;/mrow>&lt;mrow>&lt;mi>d&lt;/mi>&lt;mi>t&lt;/mi>&lt;/mrow>&lt;/mfrac>&lt;mo>-&lt;/mo>&lt;mfrac linethickness="1">&lt;mn>1&lt;/mn>&lt;mi>y&lt;/mi>&lt;/mfrac>&lt;mo>+&lt;/mo>&lt;mn>2&lt;/mn>&lt;mo>=&lt;/mo>&lt;mn>0&lt;/mn>&lt;/mrow>&lt;/math>, and the initial condition &lt;math xmlns="http://www.w3.org/1998/Math/MathML">&lt;mrow>&lt;mi>y&lt;/mi>&lt;mrow>&lt;mo form="prefix">(&lt;/mo>&lt;mn>1&lt;/mn>&lt;mo form="postfix">)&lt;/mo>&lt;/mrow>&lt;mo>=&lt;/mo>&lt;mn>1&lt;/mn>&lt;/mrow>&lt;/math>, describe the long term behaviour of the solution to this differential equation. &lt;br /> (You will need to run ode45 in MATLAB to answer this question.)

</mattext>
            </material>
            <response_extension>
              <d2l_2p0:display_style>2</d2l_2p0:display_style>
              <d2l_2p0:enumeration>6</d2l_2p0:enumeration>
              <d2l_2p0:grading_type>0</d2l_2p0:grading_type>
            </response_extension>
            <response_lid ident="Week07_Q3_LID" rcardinality="Single">
              <render_choice shuffle="no">
                <flow_label class="Block">
                  <response_label ident="Week07_QUES_3_ANS_1">
                    <flow_mat>
                      <material>
                        <mattext texttype="text/html"> The solution rapidly descends to 0.5 and stays there. </mattext>
                      </material>
                    </flow_mat>
                  </response_label>
                </flow_label>
                <flow_label class="Block">
                  <response_label ident="Week07_QUES_3_ANS_2">
                    <flow_mat>
                      <material>
                        <mattext texttype="text/html"> The solution rapidly ascends to 0.5 and stays there.  </mattext>
                      </material>
                    </flow_mat>
                  </response_label>
                </flow_label>
                <flow_label class="Block">
                  <response_label ident="Week07_QUES_3_ANS_3">
                    <flow_mat>
                      <material>
                        <mattext texttype="text/html"> The solution rapidly descends to 0.5 and then oscillates between -1 and 1. </mattext>
                      </material>
                    </flow_mat>
                  </response_label>
                </flow_label>
                <flow_label class="Block">
                  <response_label ident="Week07_QUES_3_ANS_4">
                    <flow_mat>
                      <material>
                        <mattext texttype="text/html"> The solution rapidly descends to 1 and stays there. </mattext>
                      </material>
                    </flow_mat>
                  </response_label>
                </flow_label>
              </render_choice>
            </response_lid>
          </flow>
        </presentation>
        <resprocessing>
          <respcondition title="Response Condition 1">
            <conditionvar>
              <varequal respident="Week07_Q3_LID">Week07_QUES_3_ANS_1</varequal>
            </conditionvar>
            <setvar action="Set">100</setvar>
            <displayfeedback feedbacktype="Response" linkrefid="QUES_ANSWER_1"> The solution rapidly descends to 0.5 and stays there. </displayfeedback>
          </respcondition>
          <respcondition title="Response Condition 2">
            <conditionvar>
              <varequal respident="Week07_Q3_LID">Week07_QUES_3_ANS_2</varequal>
            </conditionvar>
            <setvar action="Set">0</setvar>
            <displayfeedback feedbacktype="Response" linkrefid="QUES_ANSWER_2"> The solution rapidly ascends to 0.5 and stays there.  </displayfeedback>
          </respcondition>
          <respcondition title="Response Condition 3">
            <conditionvar>
              <varequal respident="Week07_Q3_LID">Week07_QUES_3_ANS_3</varequal>
            </conditionvar>
            <setvar action="Set">0</setvar>
            <displayfeedback feedbacktype="Response" linkrefid="QUES_ANSWER_3"> The solution rapidly descends to 0.5 and then oscillates between -1 and 1. </displayfeedback>
          </respcondition>
          <respcondition title="Response Condition 4">
            <conditionvar>
              <varequal respident="Week07_Q3_LID">Week07_QUES_3_ANS_4</varequal>
            </conditionvar>
            <setvar action="Set">0</setvar>
            <displayfeedback feedbacktype="Response" linkrefid="QUES_ANSWER_4"> The solution rapidly descends to 1 and stays there. </displayfeedback>
          </respcondition>
        </resprocessing>
        <itemfeedback ident="Week07_Q3">
          <material>
            <mattext texttype="text/html"> </mattext>
          </material>
        </itemfeedback>
      </item>
    </section>
  </objectbank>
</questestinterop>
