<?xml version="1.0" encoding="UTF-8"?>
<questestinterop>
  <objectbank ident="QLIB_50893" xmlns:d2l_2p0="http://desire2learn.com/xsd/d2lcp_v2p0">
    <section d2l_2p0:id="2" ident="SECT_119460" title="Week03">
      <sectionproc_extension>
        <d2l_2p0:display_section_name>no</d2l_2p0:display_section_name>
        <d2l_2p0:display_section_line>no</d2l_2p0:display_section_line>
        <d2l_2p0:type_display_section>0</d2l_2p0:type_display_section>
      </sectionproc_extension>
      <item d2l_2p0:id="3" d2l_2p0:page="1" ident="OBJ_115255" label="Week03_Q1" title="Week03_Q1">
        <itemmetadata>
          <qtimetadata>
            <qti_metadatafield>
              <fieldlabel>qmd_computerscored</fieldlabel>
              <fieldentry>yes</fieldentry>
            </qti_metadatafield>
            <qti_metadatafield>
              <fieldlabel>qmd_questiontype</fieldlabel>
              <fieldentry>Multiple Choice</fieldentry>
            </qti_metadatafield>
            <qti_metadatafield>
              <fieldlabel>qmd_weighting</fieldlabel>
              <fieldentry>1.000000000</fieldentry>
            </qti_metadatafield>
            <qti_metadatafield>
              <fieldlabel>qmd_globalid</fieldlabel>
              <fieldentry>8c61469b-13e8-4b17-825d-7a96d1cf3bdd</fieldentry>
            </qti_metadatafield>
            <qti_metadatafield>
              <fieldlabel>qmd_displayid</fieldlabel>
              <fieldentry>MNTC_P04 2015/16 W-396</fieldentry>
            </qti_metadatafield>
          </qtimetadata>
        </itemmetadata>
        <itemproc_extension>
          <d2l_2p0:difficulty>1</d2l_2p0:difficulty>
          <d2l_2p0:isbonus>no</d2l_2p0:isbonus>
          <d2l_2p0:ismandatory>no</d2l_2p0:ismandatory>
        </itemproc_extension>
        <presentation>
          <flow>
            <material>
              <mattext texttype="text/html">Which of the following graphs has the properties &lt;br /> &lt;math xmlns="http://www.w3.org/1998/Math/MathML">&lt;mrow>&lt;mi>f&lt;/mi>&lt;mo>'&lt;/mo>&lt;mrow>&lt;mo form="prefix">(&lt;/mo>&lt;mi>x&lt;/mi>&lt;mo form="postfix">)&lt;/mo>&lt;/mrow>&lt;mo>&amp;lt;&lt;/mo>&lt;mn>0&lt;/mn>&lt;/mrow>&lt;/math> and &lt;br /> &lt;math xmlns="http://www.w3.org/1998/Math/MathML">&lt;mrow>&lt;mi>f&lt;/mi>&lt;mo>'&lt;/mo>&lt;mo>'&lt;/mo>&lt;mrow>&lt;mo form="prefix">(&lt;/mo>&lt;mi>x&lt;/mi>&lt;mo form="postfix">)&lt;/mo>&lt;/mrow>&lt;mo>&amp;gt;&lt;/mo>&lt;mn>0&lt;/mn>&lt;/mrow>&lt;/math>? &lt;p> &lt;img src="http://www.mast.queensu.ca/~apsc171/MNTCP01/CheckIns/Week03/SlopeAndConcavity_AllGraphs_trimmed.png" width="400px" alt="Slope and Concavity Graphs" />

</mattext>
            </material>
            <response_extension>
              <d2l_2p0:display_style>2</d2l_2p0:display_style>
              <d2l_2p0:enumeration>6</d2l_2p0:enumeration>
              <d2l_2p0:grading_type>0</d2l_2p0:grading_type>
            </response_extension>
            <response_lid ident="Week03_Q1_LID" rcardinality="Single">
              <render_choice shuffle="no">
                <flow_label class="Block">
                  <response_label ident="Week03_QUES_1_ANS_1">
                    <flow_mat>
                      <material>
                        <mattext texttype="text/html"> (a)</mattext>
                      </material>
                    </flow_mat>
                  </response_label>
                </flow_label>
                <flow_label class="Block">
                  <response_label ident="Week03_QUES_1_ANS_2">
                    <flow_mat>
                      <material>
                        <mattext texttype="text/html"> (b)</mattext>
                      </material>
                    </flow_mat>
                  </response_label>
                </flow_label>
                <flow_label class="Block">
                  <response_label ident="Week03_QUES_1_ANS_3">
                    <flow_mat>
                      <material>
                        <mattext texttype="text/html"> (c)</mattext>
                      </material>
                    </flow_mat>
                  </response_label>
                </flow_label>
                <flow_label class="Block">
                  <response_label ident="Week03_QUES_1_ANS_4">
                    <flow_mat>
                      <material>
                        <mattext texttype="text/html"> (d)</mattext>
                      </material>
                    </flow_mat>
                  </response_label>
                </flow_label>
              </render_choice>
            </response_lid>
          </flow>
        </presentation>
        <resprocessing>
          <respcondition title="Response Condition 1">
            <conditionvar>
              <varequal respident="Week03_Q1_LID">Week03_QUES_1_ANS_1</varequal>
            </conditionvar>
            <setvar action="Set">100</setvar>
            <displayfeedback feedbacktype="Response" linkrefid="QUES_ANSWER_1"> (a)</displayfeedback>
          </respcondition>
          <respcondition title="Response Condition 2">
            <conditionvar>
              <varequal respident="Week03_Q1_LID">Week03_QUES_1_ANS_2</varequal>
            </conditionvar>
            <setvar action="Set">0</setvar>
            <displayfeedback feedbacktype="Response" linkrefid="QUES_ANSWER_2"> (b)</displayfeedback>
          </respcondition>
          <respcondition title="Response Condition 3">
            <conditionvar>
              <varequal respident="Week03_Q1_LID">Week03_QUES_1_ANS_3</varequal>
            </conditionvar>
            <setvar action="Set">0</setvar>
            <displayfeedback feedbacktype="Response" linkrefid="QUES_ANSWER_3"> (c)</displayfeedback>
          </respcondition>
          <respcondition title="Response Condition 4">
            <conditionvar>
              <varequal respident="Week03_Q1_LID">Week03_QUES_1_ANS_4</varequal>
            </conditionvar>
            <setvar action="Set">0</setvar>
            <displayfeedback feedbacktype="Response" linkrefid="QUES_ANSWER_4"> (d)</displayfeedback>
          </respcondition>
        </resprocessing>
        <itemfeedback ident="Week03_Q1">
          <material>
            <mattext texttype="text/html">&lt;p> We are looking for a graph that is: &lt;br /> - sloping down (&lt;math xmlns="http://www.w3.org/1998/Math/MathML">&lt;mrow>&lt;mi>f&lt;/mi>&lt;mo>'&lt;/mo>&lt;mrow>&lt;mo form="prefix">(&lt;/mo>&lt;mi>x&lt;/mi>&lt;mo form="postfix">)&lt;/mo>&lt;/mrow>&lt;mo>&amp;lt;&lt;/mo>&lt;mn>0&lt;/mn>&lt;/mrow>&lt;/math>) and &lt;br /> - concave up (&lt;math xmlns="http://www.w3.org/1998/Math/MathML">&lt;mrow>&lt;mi>f&lt;/mi>&lt;mo>'&lt;/mo>&lt;mo>'&lt;/mo>&lt;mrow>&lt;mo form="prefix">(&lt;/mo>&lt;mi>x&lt;/mi>&lt;mo form="postfix">)&lt;/mo>&lt;/mrow>&lt;mo>&amp;gt;&lt;/mo>&lt;mn>0&lt;/mn>&lt;/mrow>&lt;/math>).</mattext>
          </material>
        </itemfeedback>
      </item>
      <item d2l_2p0:id="3" d2l_2p0:page="1" ident="OBJ_115255" label="Week03_Q2" title="Week03_Q2">
        <itemmetadata>
          <qtimetadata>
            <qti_metadatafield>
              <fieldlabel>qmd_computerscored</fieldlabel>
              <fieldentry>yes</fieldentry>
            </qti_metadatafield>
            <qti_metadatafield>
              <fieldlabel>qmd_questiontype</fieldlabel>
              <fieldentry>Multiple Choice</fieldentry>
            </qti_metadatafield>
            <qti_metadatafield>
              <fieldlabel>qmd_weighting</fieldlabel>
              <fieldentry>1.000000000</fieldentry>
            </qti_metadatafield>
            <qti_metadatafield>
              <fieldlabel>qmd_globalid</fieldlabel>
              <fieldentry>8c61469b-13e8-4b17-825d-7a96d1cf3bdd</fieldentry>
            </qti_metadatafield>
            <qti_metadatafield>
              <fieldlabel>qmd_displayid</fieldlabel>
              <fieldentry>MNTC_P04 2015/16 W-396</fieldentry>
            </qti_metadatafield>
          </qtimetadata>
        </itemmetadata>
        <itemproc_extension>
          <d2l_2p0:difficulty>1</d2l_2p0:difficulty>
          <d2l_2p0:isbonus>no</d2l_2p0:isbonus>
          <d2l_2p0:ismandatory>no</d2l_2p0:ismandatory>
        </itemproc_extension>
        <presentation>
          <flow>
            <material>
              <mattext texttype="text/html">Consider the function &lt;math xmlns="http://www.w3.org/1998/Math/MathML">&lt;mrow>&lt;mi>g&lt;/mi>&lt;mrow>&lt;mo form="prefix">(&lt;/mo>&lt;mi>x&lt;/mi>&lt;mo form="postfix">)&lt;/mo>&lt;/mrow>&lt;mo>=&lt;/mo>&lt;msup>&lt;mi>e&lt;/mi>&lt;mrow>&lt;mn>3&lt;/mn>&lt;mi>x&lt;/mi>&lt;/mrow>&lt;/msup>&lt;/mrow>&lt;/math>, which has the derivatives &lt;br /> &lt;math xmlns="http://www.w3.org/1998/Math/MathML">&lt;mrow>&lt;mi>g&lt;/mi>&lt;mo>'&lt;/mo>&lt;mrow>&lt;mo form="prefix">(&lt;/mo>&lt;mi>x&lt;/mi>&lt;mo form="postfix">)&lt;/mo>&lt;/mrow>&lt;mo>=&lt;/mo>&lt;mn>3&lt;/mn>&lt;msup>&lt;mi>e&lt;/mi>&lt;mrow>&lt;mn>3&lt;/mn>&lt;mi>x&lt;/mi>&lt;/mrow>&lt;/msup>&lt;/mrow>&lt;/math> and &lt;br /> &lt;math xmlns="http://www.w3.org/1998/Math/MathML">&lt;mrow>&lt;mi>g&lt;/mi>&lt;mo>'&lt;/mo>&lt;mo>'&lt;/mo>&lt;mrow>&lt;mo form="prefix">(&lt;/mo>&lt;mi>x&lt;/mi>&lt;mo form="postfix">)&lt;/mo>&lt;/mrow>&lt;mo>=&lt;/mo>&lt;mn>9&lt;/mn>&lt;msup>&lt;mi>e&lt;/mi>&lt;mrow>&lt;mn>3&lt;/mn>&lt;mi>x&lt;/mi>&lt;/mrow>&lt;/msup>&lt;/mrow>&lt;/math>. &lt;p> Which of the following would be the quadratic Taylor polynomial approximating &lt;math xmlns="http://www.w3.org/1998/Math/MathML">&lt;mrow>&lt;mi>g&lt;/mi>&lt;mrow>&lt;mo form="prefix">(&lt;/mo>&lt;mi>x&lt;/mi>&lt;mo form="postfix">)&lt;/mo>&lt;/mrow>&lt;/mrow>&lt;/math> around the point &lt;math xmlns="http://www.w3.org/1998/Math/MathML">&lt;mrow>&lt;mi>x&lt;/mi>&lt;mo>=&lt;/mo>&lt;mn>2&lt;/mn>&lt;/mrow>&lt;/math>?

</mattext>
            </material>
            <response_extension>
              <d2l_2p0:display_style>2</d2l_2p0:display_style>
              <d2l_2p0:enumeration>6</d2l_2p0:enumeration>
              <d2l_2p0:grading_type>0</d2l_2p0:grading_type>
            </response_extension>
            <response_lid ident="Week03_Q2_LID" rcardinality="Single">
              <render_choice shuffle="no">
                <flow_label class="Block">
                  <response_label ident="Week03_QUES_2_ANS_1">
                    <flow_mat>
                      <material>
                        <mattext texttype="text/html">&lt;math xmlns="http://www.w3.org/1998/Math/MathML">&lt;mrow>&lt;msub>&lt;mi>P&lt;/mi>&lt;mn>2&lt;/mn>&lt;/msub>&lt;mrow>&lt;mo form="prefix">(&lt;/mo>&lt;mi>x&lt;/mi>&lt;mo form="postfix">)&lt;/mo>&lt;/mrow>&lt;mo>=&lt;/mo>&lt;msup>&lt;mi>e&lt;/mi>&lt;mn>6&lt;/mn>&lt;/msup>&lt;mo>+&lt;/mo>&lt;mn>3&lt;/mn>&lt;msup>&lt;mi>e&lt;/mi>&lt;mn>6&lt;/mn>&lt;/msup>&lt;mrow>&lt;mo form="prefix">(&lt;/mo>&lt;mi>x&lt;/mi>&lt;mo>-&lt;/mo>&lt;mn>6&lt;/mn>&lt;mo form="postfix">)&lt;/mo>&lt;/mrow>&lt;mo>+&lt;/mo>&lt;mfrac linethickness="1">&lt;mrow>&lt;mn>9&lt;/mn>&lt;msup>&lt;mi>e&lt;/mi>&lt;mn>6&lt;/mn>&lt;/msup>&lt;/mrow>&lt;mn>2&lt;/mn>&lt;/mfrac>&lt;msup>&lt;mrow>&lt;mo form="prefix">(&lt;/mo>&lt;mi>x&lt;/mi>&lt;mo>-&lt;/mo>&lt;mn>6&lt;/mn>&lt;mo form="postfix">)&lt;/mo>&lt;/mrow>&lt;mn>2&lt;/mn>&lt;/msup>&lt;/mrow>&lt;/math>

</mattext>
                      </material>
                    </flow_mat>
                  </response_label>
                </flow_label>
                <flow_label class="Block">
                  <response_label ident="Week03_QUES_2_ANS_2">
                    <flow_mat>
                      <material>
                        <mattext texttype="text/html">&lt;math xmlns="http://www.w3.org/1998/Math/MathML">&lt;mrow>&lt;msub>&lt;mi>P&lt;/mi>&lt;mn>2&lt;/mn>&lt;/msub>&lt;mrow>&lt;mo form="prefix">(&lt;/mo>&lt;mi>x&lt;/mi>&lt;mo form="postfix">)&lt;/mo>&lt;/mrow>&lt;mo>=&lt;/mo>&lt;msup>&lt;mi>e&lt;/mi>&lt;mn>3&lt;/mn>&lt;/msup>&lt;mo>+&lt;/mo>&lt;mn>3&lt;/mn>&lt;msup>&lt;mi>e&lt;/mi>&lt;mn>3&lt;/mn>&lt;/msup>&lt;mrow>&lt;mo form="prefix">(&lt;/mo>&lt;mi>x&lt;/mi>&lt;mo>-&lt;/mo>&lt;mn>2&lt;/mn>&lt;mo form="postfix">)&lt;/mo>&lt;/mrow>&lt;mo>+&lt;/mo>&lt;mfrac linethickness="1">&lt;mrow>&lt;mn>9&lt;/mn>&lt;msup>&lt;mi>e&lt;/mi>&lt;mn>3&lt;/mn>&lt;/msup>&lt;/mrow>&lt;mn>2&lt;/mn>&lt;/mfrac>&lt;msup>&lt;mrow>&lt;mo form="prefix">(&lt;/mo>&lt;mi>x&lt;/mi>&lt;mo>-&lt;/mo>&lt;mn>2&lt;/mn>&lt;mo form="postfix">)&lt;/mo>&lt;/mrow>&lt;mn>2&lt;/mn>&lt;/msup>&lt;/mrow>&lt;/math>

</mattext>
                      </material>
                    </flow_mat>
                  </response_label>
                </flow_label>
                <flow_label class="Block">
                  <response_label ident="Week03_QUES_2_ANS_3">
                    <flow_mat>
                      <material>
                        <mattext texttype="text/html">&lt;math xmlns="http://www.w3.org/1998/Math/MathML">&lt;mrow>&lt;msub>&lt;mi>P&lt;/mi>&lt;mn>2&lt;/mn>&lt;/msub>&lt;mrow>&lt;mo form="prefix">(&lt;/mo>&lt;mi>x&lt;/mi>&lt;mo form="postfix">)&lt;/mo>&lt;/mrow>&lt;mo>=&lt;/mo>&lt;msup>&lt;mi>e&lt;/mi>&lt;mn>6&lt;/mn>&lt;/msup>&lt;mo>+&lt;/mo>&lt;mn>3&lt;/mn>&lt;msup>&lt;mi>e&lt;/mi>&lt;mn>6&lt;/mn>&lt;/msup>&lt;mrow>&lt;mo form="prefix">(&lt;/mo>&lt;mi>x&lt;/mi>&lt;mo>-&lt;/mo>&lt;mn>2&lt;/mn>&lt;mo form="postfix">)&lt;/mo>&lt;/mrow>&lt;mo>+&lt;/mo>&lt;mfrac linethickness="1">&lt;mrow>&lt;mn>9&lt;/mn>&lt;msup>&lt;mi>e&lt;/mi>&lt;mn>6&lt;/mn>&lt;/msup>&lt;/mrow>&lt;mn>2&lt;/mn>&lt;/mfrac>&lt;msup>&lt;mrow>&lt;mo form="prefix">(&lt;/mo>&lt;mi>x&lt;/mi>&lt;mo>-&lt;/mo>&lt;mn>2&lt;/mn>&lt;mo form="postfix">)&lt;/mo>&lt;/mrow>&lt;mn>2&lt;/mn>&lt;/msup>&lt;/mrow>&lt;/math>

</mattext>
                      </material>
                    </flow_mat>
                  </response_label>
                </flow_label>
                <flow_label class="Block">
                  <response_label ident="Week03_QUES_2_ANS_4">
                    <flow_mat>
                      <material>
                        <mattext texttype="text/html">&lt;math xmlns="http://www.w3.org/1998/Math/MathML">&lt;mrow>&lt;msub>&lt;mi>P&lt;/mi>&lt;mn>2&lt;/mn>&lt;/msub>&lt;mrow>&lt;mo form="prefix">(&lt;/mo>&lt;mi>x&lt;/mi>&lt;mo form="postfix">)&lt;/mo>&lt;/mrow>&lt;mo>=&lt;/mo>&lt;msup>&lt;mi>e&lt;/mi>&lt;mn>3&lt;/mn>&lt;/msup>&lt;mo>+&lt;/mo>&lt;mn>3&lt;/mn>&lt;msup>&lt;mi>e&lt;/mi>&lt;mn>3&lt;/mn>&lt;/msup>&lt;mrow>&lt;mo form="prefix">(&lt;/mo>&lt;mi>x&lt;/mi>&lt;mo>-&lt;/mo>&lt;mn>6&lt;/mn>&lt;mo form="postfix">)&lt;/mo>&lt;/mrow>&lt;mo>+&lt;/mo>&lt;mfrac linethickness="1">&lt;mrow>&lt;mn>9&lt;/mn>&lt;msup>&lt;mi>e&lt;/mi>&lt;mn>3&lt;/mn>&lt;/msup>&lt;/mrow>&lt;mn>2&lt;/mn>&lt;/mfrac>&lt;msup>&lt;mrow>&lt;mo form="prefix">(&lt;/mo>&lt;mi>x&lt;/mi>&lt;mo>-&lt;/mo>&lt;mn>6&lt;/mn>&lt;mo form="postfix">)&lt;/mo>&lt;/mrow>&lt;mn>2&lt;/mn>&lt;/msup>&lt;/mrow>&lt;/math>

</mattext>
                      </material>
                    </flow_mat>
                  </response_label>
                </flow_label>
              </render_choice>
            </response_lid>
          </flow>
        </presentation>
        <resprocessing>
          <respcondition title="Response Condition 1">
            <conditionvar>
              <varequal respident="Week03_Q2_LID">Week03_QUES_2_ANS_1</varequal>
            </conditionvar>
            <setvar action="Set">0</setvar>
            <displayfeedback feedbacktype="Response" linkrefid="QUES_ANSWER_1">&lt;math xmlns="http://www.w3.org/1998/Math/MathML">&lt;mrow>&lt;msub>&lt;mi>P&lt;/mi>&lt;mn>2&lt;/mn>&lt;/msub>&lt;mrow>&lt;mo form="prefix">(&lt;/mo>&lt;mi>x&lt;/mi>&lt;mo form="postfix">)&lt;/mo>&lt;/mrow>&lt;mo>=&lt;/mo>&lt;msup>&lt;mi>e&lt;/mi>&lt;mn>6&lt;/mn>&lt;/msup>&lt;mo>+&lt;/mo>&lt;mn>3&lt;/mn>&lt;msup>&lt;mi>e&lt;/mi>&lt;mn>6&lt;/mn>&lt;/msup>&lt;mrow>&lt;mo form="prefix">(&lt;/mo>&lt;mi>x&lt;/mi>&lt;mo>-&lt;/mo>&lt;mn>6&lt;/mn>&lt;mo form="postfix">)&lt;/mo>&lt;/mrow>&lt;mo>+&lt;/mo>&lt;mfrac linethickness="1">&lt;mrow>&lt;mn>9&lt;/mn>&lt;msup>&lt;mi>e&lt;/mi>&lt;mn>6&lt;/mn>&lt;/msup>&lt;/mrow>&lt;mn>2&lt;/mn>&lt;/mfrac>&lt;msup>&lt;mrow>&lt;mo form="prefix">(&lt;/mo>&lt;mi>x&lt;/mi>&lt;mo>-&lt;/mo>&lt;mn>6&lt;/mn>&lt;mo form="postfix">)&lt;/mo>&lt;/mrow>&lt;mn>2&lt;/mn>&lt;/msup>&lt;/mrow>&lt;/math>

</displayfeedback>
          </respcondition>
          <respcondition title="Response Condition 2">
            <conditionvar>
              <varequal respident="Week03_Q2_LID">Week03_QUES_2_ANS_2</varequal>
            </conditionvar>
            <setvar action="Set">0</setvar>
            <displayfeedback feedbacktype="Response" linkrefid="QUES_ANSWER_2">&lt;math xmlns="http://www.w3.org/1998/Math/MathML">&lt;mrow>&lt;msub>&lt;mi>P&lt;/mi>&lt;mn>2&lt;/mn>&lt;/msub>&lt;mrow>&lt;mo form="prefix">(&lt;/mo>&lt;mi>x&lt;/mi>&lt;mo form="postfix">)&lt;/mo>&lt;/mrow>&lt;mo>=&lt;/mo>&lt;msup>&lt;mi>e&lt;/mi>&lt;mn>3&lt;/mn>&lt;/msup>&lt;mo>+&lt;/mo>&lt;mn>3&lt;/mn>&lt;msup>&lt;mi>e&lt;/mi>&lt;mn>3&lt;/mn>&lt;/msup>&lt;mrow>&lt;mo form="prefix">(&lt;/mo>&lt;mi>x&lt;/mi>&lt;mo>-&lt;/mo>&lt;mn>2&lt;/mn>&lt;mo form="postfix">)&lt;/mo>&lt;/mrow>&lt;mo>+&lt;/mo>&lt;mfrac linethickness="1">&lt;mrow>&lt;mn>9&lt;/mn>&lt;msup>&lt;mi>e&lt;/mi>&lt;mn>3&lt;/mn>&lt;/msup>&lt;/mrow>&lt;mn>2&lt;/mn>&lt;/mfrac>&lt;msup>&lt;mrow>&lt;mo form="prefix">(&lt;/mo>&lt;mi>x&lt;/mi>&lt;mo>-&lt;/mo>&lt;mn>2&lt;/mn>&lt;mo form="postfix">)&lt;/mo>&lt;/mrow>&lt;mn>2&lt;/mn>&lt;/msup>&lt;/mrow>&lt;/math>

</displayfeedback>
          </respcondition>
          <respcondition title="Response Condition 3">
            <conditionvar>
              <varequal respident="Week03_Q2_LID">Week03_QUES_2_ANS_3</varequal>
            </conditionvar>
            <setvar action="Set">100</setvar>
            <displayfeedback feedbacktype="Response" linkrefid="QUES_ANSWER_3">&lt;math xmlns="http://www.w3.org/1998/Math/MathML">&lt;mrow>&lt;msub>&lt;mi>P&lt;/mi>&lt;mn>2&lt;/mn>&lt;/msub>&lt;mrow>&lt;mo form="prefix">(&lt;/mo>&lt;mi>x&lt;/mi>&lt;mo form="postfix">)&lt;/mo>&lt;/mrow>&lt;mo>=&lt;/mo>&lt;msup>&lt;mi>e&lt;/mi>&lt;mn>6&lt;/mn>&lt;/msup>&lt;mo>+&lt;/mo>&lt;mn>3&lt;/mn>&lt;msup>&lt;mi>e&lt;/mi>&lt;mn>6&lt;/mn>&lt;/msup>&lt;mrow>&lt;mo form="prefix">(&lt;/mo>&lt;mi>x&lt;/mi>&lt;mo>-&lt;/mo>&lt;mn>2&lt;/mn>&lt;mo form="postfix">)&lt;/mo>&lt;/mrow>&lt;mo>+&lt;/mo>&lt;mfrac linethickness="1">&lt;mrow>&lt;mn>9&lt;/mn>&lt;msup>&lt;mi>e&lt;/mi>&lt;mn>6&lt;/mn>&lt;/msup>&lt;/mrow>&lt;mn>2&lt;/mn>&lt;/mfrac>&lt;msup>&lt;mrow>&lt;mo form="prefix">(&lt;/mo>&lt;mi>x&lt;/mi>&lt;mo>-&lt;/mo>&lt;mn>2&lt;/mn>&lt;mo form="postfix">)&lt;/mo>&lt;/mrow>&lt;mn>2&lt;/mn>&lt;/msup>&lt;/mrow>&lt;/math>

</displayfeedback>
          </respcondition>
          <respcondition title="Response Condition 4">
            <conditionvar>
              <varequal respident="Week03_Q2_LID">Week03_QUES_2_ANS_4</varequal>
            </conditionvar>
            <setvar action="Set">0</setvar>
            <displayfeedback feedbacktype="Response" linkrefid="QUES_ANSWER_4">&lt;math xmlns="http://www.w3.org/1998/Math/MathML">&lt;mrow>&lt;msub>&lt;mi>P&lt;/mi>&lt;mn>2&lt;/mn>&lt;/msub>&lt;mrow>&lt;mo form="prefix">(&lt;/mo>&lt;mi>x&lt;/mi>&lt;mo form="postfix">)&lt;/mo>&lt;/mrow>&lt;mo>=&lt;/mo>&lt;msup>&lt;mi>e&lt;/mi>&lt;mn>3&lt;/mn>&lt;/msup>&lt;mo>+&lt;/mo>&lt;mn>3&lt;/mn>&lt;msup>&lt;mi>e&lt;/mi>&lt;mn>3&lt;/mn>&lt;/msup>&lt;mrow>&lt;mo form="prefix">(&lt;/mo>&lt;mi>x&lt;/mi>&lt;mo>-&lt;/mo>&lt;mn>6&lt;/mn>&lt;mo form="postfix">)&lt;/mo>&lt;/mrow>&lt;mo>+&lt;/mo>&lt;mfrac linethickness="1">&lt;mrow>&lt;mn>9&lt;/mn>&lt;msup>&lt;mi>e&lt;/mi>&lt;mn>3&lt;/mn>&lt;/msup>&lt;/mrow>&lt;mn>2&lt;/mn>&lt;/mfrac>&lt;msup>&lt;mrow>&lt;mo form="prefix">(&lt;/mo>&lt;mi>x&lt;/mi>&lt;mo>-&lt;/mo>&lt;mn>6&lt;/mn>&lt;mo form="postfix">)&lt;/mo>&lt;/mrow>&lt;mn>2&lt;/mn>&lt;/msup>&lt;/mrow>&lt;/math>

</displayfeedback>
          </respcondition>
        </resprocessing>
        <itemfeedback ident="Week03_Q2">
          <material>
            <mattext texttype="text/html">&lt;br /> The formula for a quadratic Taylor polynomial is &lt;br /> &lt;math xmlns="http://www.w3.org/1998/Math/MathML">&lt;mrow>&lt;msub>&lt;mi>P&lt;/mi>&lt;mn>2&lt;/mn>&lt;/msub>&lt;mrow>&lt;mo form="prefix">(&lt;/mo>&lt;mi>x&lt;/mi>&lt;mo form="postfix">)&lt;/mo>&lt;/mrow>&lt;mo>=&lt;/mo>&lt;mi>g&lt;/mi>&lt;mrow>&lt;mo form="prefix">(&lt;/mo>&lt;mi>a&lt;/mi>&lt;mo form="postfix">)&lt;/mo>&lt;/mrow>&lt;mo>+&lt;/mo>&lt;mi>g&lt;/mi>&lt;mo>'&lt;/mo>&lt;mrow>&lt;mo form="prefix">(&lt;/mo>&lt;mi>a&lt;/mi>&lt;mo form="postfix">)&lt;/mo>&lt;/mrow>&lt;mrow>&lt;mo form="prefix">(&lt;/mo>&lt;mi>x&lt;/mi>&lt;mo>-&lt;/mo>&lt;mi>a&lt;/mi>&lt;mo form="postfix">)&lt;/mo>&lt;/mrow>&lt;mo>+&lt;/mo>&lt;mfrac linethickness="1">&lt;mrow>&lt;mi>g&lt;/mi>&lt;mo>'&lt;/mo>&lt;mo>'&lt;/mo>&lt;mrow>&lt;mo form="prefix">(&lt;/mo>&lt;mi>a&lt;/mi>&lt;mo form="postfix">)&lt;/mo>&lt;/mrow>&lt;/mrow>&lt;mn>2&lt;/mn>&lt;/mfrac>&lt;msup>&lt;mrow>&lt;mo form="prefix">(&lt;/mo>&lt;mi>x&lt;/mi>&lt;mo>-&lt;/mo>&lt;mi>a&lt;/mi>&lt;mo form="postfix">)&lt;/mo>&lt;/mrow>&lt;mn>2&lt;/mn>&lt;/msup>&lt;/mrow>&lt;/math> &lt;br /> Given the formulas for &lt;math xmlns="http://www.w3.org/1998/Math/MathML">&lt;mrow>&lt;mi>g&lt;/mi>&lt;mrow>&lt;mo form="prefix">(&lt;/mo>&lt;mi>x&lt;/mi>&lt;mo form="postfix">)&lt;/mo>&lt;/mrow>&lt;/mrow>&lt;/math> and its derivatives, the coefficient we need are: &lt;br /> &lt;math xmlns="http://www.w3.org/1998/Math/MathML">&lt;mrow>&lt;mi>g&lt;/mi>&lt;mrow>&lt;mo form="prefix">(&lt;/mo>&lt;mn>2&lt;/mn>&lt;mo form="postfix">)&lt;/mo>&lt;/mrow>&lt;mo>=&lt;/mo>&lt;msup>&lt;mi>e&lt;/mi>&lt;mn>6&lt;/mn>&lt;/msup>&lt;/mrow>&lt;/math>,   &lt;br /> &lt;math xmlns="http://www.w3.org/1998/Math/MathML">&lt;mrow>&lt;mi>g&lt;/mi>&lt;mo>'&lt;/mo>&lt;mrow>&lt;mo form="prefix">(&lt;/mo>&lt;mn>2&lt;/mn>&lt;mo form="postfix">)&lt;/mo>&lt;/mrow>&lt;mo>=&lt;/mo>&lt;mn>3&lt;/mn>&lt;msup>&lt;mi>e&lt;/mi>&lt;mn>6&lt;/mn>&lt;/msup>&lt;/mrow>&lt;/math>,   and &lt;br /> &lt;math xmlns="http://www.w3.org/1998/Math/MathML">&lt;mrow>&lt;mi>g&lt;/mi>&lt;mo>'&lt;/mo>&lt;mo>'&lt;/mo>&lt;mrow>&lt;mo form="prefix">(&lt;/mo>&lt;mn>2&lt;/mn>&lt;mo form="postfix">)&lt;/mo>&lt;/mrow>&lt;mo>=&lt;/mo>&lt;mn>9&lt;/mn>&lt;msup>&lt;mi>e&lt;/mi>&lt;mn>6&lt;/mn>&lt;/msup>&lt;/mrow>&lt;/math>. &lt;br /> Each term will be based on a factors of the form &lt;math xmlns="http://www.w3.org/1998/Math/MathML">&lt;mrow>&lt;mo form="prefix">(&lt;/mo>&lt;mi>x&lt;/mi>&lt;mo>-&lt;/mo>&lt;mn>2&lt;/mn>&lt;mo form="postfix">)&lt;/mo>&lt;/mrow>&lt;/math>.</mattext>
          </material>
        </itemfeedback>
      </item>
      <item d2l_2p0:id="3" d2l_2p0:page="1" ident="OBJ_115255" label="Week03_Q3" title="Week03_Q3">
        <itemmetadata>
          <qtimetadata>
            <qti_metadatafield>
              <fieldlabel>qmd_computerscored</fieldlabel>
              <fieldentry>yes</fieldentry>
            </qti_metadatafield>
            <qti_metadatafield>
              <fieldlabel>qmd_questiontype</fieldlabel>
              <fieldentry>Multiple Choice</fieldentry>
            </qti_metadatafield>
            <qti_metadatafield>
              <fieldlabel>qmd_weighting</fieldlabel>
              <fieldentry>1.000000000</fieldentry>
            </qti_metadatafield>
            <qti_metadatafield>
              <fieldlabel>qmd_globalid</fieldlabel>
              <fieldentry>8c61469b-13e8-4b17-825d-7a96d1cf3bdd</fieldentry>
            </qti_metadatafield>
            <qti_metadatafield>
              <fieldlabel>qmd_displayid</fieldlabel>
              <fieldentry>MNTC_P04 2015/16 W-396</fieldentry>
            </qti_metadatafield>
          </qtimetadata>
        </itemmetadata>
        <itemproc_extension>
          <d2l_2p0:difficulty>1</d2l_2p0:difficulty>
          <d2l_2p0:isbonus>no</d2l_2p0:isbonus>
          <d2l_2p0:ismandatory>no</d2l_2p0:ismandatory>
        </itemproc_extension>
        <presentation>
          <flow>
            <material>
              <mattext texttype="text/html">Consider the function &lt;br /> &lt;math xmlns="http://www.w3.org/1998/Math/MathML">&lt;mrow>&lt;mstyle displaystyle="true">&lt;mi>f&lt;/mi>&lt;mrow>&lt;mo form="prefix">(&lt;/mo>&lt;mi>x&lt;/mi>&lt;mo form="postfix">)&lt;/mo>&lt;/mrow>&lt;mo>=&lt;/mo>&lt;mfrac linethickness="1">&lt;mn>1&lt;/mn>&lt;mrow>&lt;msup>&lt;mrow>&lt;mo form="prefix">(&lt;/mo>&lt;mi>x&lt;/mi>&lt;mo>-&lt;/mo>&lt;mn>1&lt;/mn>&lt;mo form="postfix">)&lt;/mo>&lt;/mrow>&lt;mn>2&lt;/mn>&lt;/msup>&lt;/mrow>&lt;/mfrac>&lt;/mstyle>&lt;/mrow>&lt;/math> &lt;p> Which description matches this function best &lt;b>on the closed interval [0, 3]&lt;/b>? &lt;br /> Hint: a sketch of the graph might help. &lt;p>

</mattext>
            </material>
            <response_extension>
              <d2l_2p0:display_style>2</d2l_2p0:display_style>
              <d2l_2p0:enumeration>6</d2l_2p0:enumeration>
              <d2l_2p0:grading_type>0</d2l_2p0:grading_type>
            </response_extension>
            <response_lid ident="Week03_Q3_LID" rcardinality="Single">
              <render_choice shuffle="no">
                <flow_label class="Block">
                  <response_label ident="Week03_QUES_3_ANS_1">
                    <flow_mat>
                      <material>
                        <mattext texttype="text/html">(a)</mattext>
                      </material>
                    </flow_mat>
                  </response_label>
                </flow_label>
                <flow_label class="Block">
                  <response_label ident="Week03_QUES_3_ANS_2">
                    <flow_mat>
                      <material>
                        <mattext texttype="text/html">(b)</mattext>
                      </material>
                    </flow_mat>
                  </response_label>
                </flow_label>
                <flow_label class="Block">
                  <response_label ident="Week03_QUES_3_ANS_3">
                    <flow_mat>
                      <material>
                        <mattext texttype="text/html">(c)</mattext>
                      </material>
                    </flow_mat>
                  </response_label>
                </flow_label>
                <flow_label class="Block">
                  <response_label ident="Week03_QUES_3_ANS_4">
                    <flow_mat>
                      <material>
                        <mattext texttype="text/html">(d)</mattext>
                      </material>
                    </flow_mat>
                  </response_label>
                </flow_label>
              </render_choice>
            </response_lid>
          </flow>
        </presentation>
        <resprocessing>
          <respcondition title="Response Condition 1">
            <conditionvar>
              <varequal respident="Week03_Q3_LID">Week03_QUES_3_ANS_1</varequal>
            </conditionvar>
            <setvar action="Set">0</setvar>
            <displayfeedback feedbacktype="Response" linkrefid="QUES_ANSWER_1">(a)</displayfeedback>
          </respcondition>
          <respcondition title="Response Condition 2">
            <conditionvar>
              <varequal respident="Week03_Q3_LID">Week03_QUES_3_ANS_2</varequal>
            </conditionvar>
            <setvar action="Set">0</setvar>
            <displayfeedback feedbacktype="Response" linkrefid="QUES_ANSWER_2">(b)</displayfeedback>
          </respcondition>
          <respcondition title="Response Condition 3">
            <conditionvar>
              <varequal respident="Week03_Q3_LID">Week03_QUES_3_ANS_3</varequal>
            </conditionvar>
            <setvar action="Set">100</setvar>
            <displayfeedback feedbacktype="Response" linkrefid="QUES_ANSWER_3">(c)</displayfeedback>
          </respcondition>
          <respcondition title="Response Condition 4">
            <conditionvar>
              <varequal respident="Week03_Q3_LID">Week03_QUES_3_ANS_4</varequal>
            </conditionvar>
            <setvar action="Set">0</setvar>
            <displayfeedback feedbacktype="Response" linkrefid="QUES_ANSWER_4">(d)</displayfeedback>
          </respcondition>
        </resprocessing>
        <itemfeedback ident="Week03_Q3">
          <material>
            <mattext texttype="text/html">The function is always positive (due to the squared term).  Therefore the function increases towards &lt;math xmlns="http://www.w3.org/1998/Math/MathML">&lt;mrow>&lt;mo>+&lt;/mo>&lt;mo>&amp;infin;&lt;/mo>&lt;/mrow>&lt;/math> as &lt;math xmlns="http://www.w3.org/1998/Math/MathML">&lt;mrow>&lt;mi>x&lt;/mi>&lt;mo>&amp;rarr;&lt;/mo>&lt;mn>1&lt;/mn>&lt;/mrow>&lt;/math> (vertical asymptote). As a result, there cannot be a global max on the interval, because the function increases forever towards the asymptote. &lt;br /> On the end points though, there will be a (global) minimum of the function reached. &lt;p> &lt;img src="http://www.mast.queensu.ca/~apsc171/MNTCP01/CheckIns/Week03/OptimizationGraph.png" alt="Graphs" width="300px" /> &lt;p> Note that the rule about a function always having a global max or min on a closed interval does &lt;b>not&lt;/b> apply here, because the function in that theorem &lt;b>must be continuous on the interval&lt;/b>.  With the vertical asymptote at &lt;math xmlns="http://www.w3.org/1998/Math/MathML">&lt;mrow>&lt;mi>x&lt;/mi>&lt;mo>=&lt;/mo>&lt;mn>1&lt;/mn>&lt;/mrow>&lt;/math>, &lt;math xmlns="http://www.w3.org/1998/Math/MathML">&lt;mrow>&lt;mi>f&lt;/mi>&lt;mrow>&lt;mo form="prefix">(&lt;/mo>&lt;mi>x&lt;/mi>&lt;mo form="postfix">)&lt;/mo>&lt;/mrow>&lt;/mrow>&lt;/math> is not continuous on the interval given, so the theorem doesn't apply.</mattext>
          </material>
        </itemfeedback>
      </item>
    </section>
  </objectbank>
</questestinterop>
