<?xml version="1.0" encoding="UTF-8"?>
<questestinterop>
  <objectbank ident="QLIB_50893" xmlns:d2l_2p0="http://desire2learn.com/xsd/d2lcp_v2p0">
    <section d2l_2p0:id="2" ident="SECT_119460" title="Week02">
      <sectionproc_extension>
        <d2l_2p0:display_section_name>no</d2l_2p0:display_section_name>
        <d2l_2p0:display_section_line>no</d2l_2p0:display_section_line>
        <d2l_2p0:type_display_section>0</d2l_2p0:type_display_section>
      </sectionproc_extension>
      <item d2l_2p0:id="3" d2l_2p0:page="1" ident="OBJ_115255" label="Week02_Q1" title="Week02_Q1">
        <itemmetadata>
          <qtimetadata>
            <qti_metadatafield>
              <fieldlabel>qmd_computerscored</fieldlabel>
              <fieldentry>yes</fieldentry>
            </qti_metadatafield>
            <qti_metadatafield>
              <fieldlabel>qmd_questiontype</fieldlabel>
              <fieldentry>Multiple Choice</fieldentry>
            </qti_metadatafield>
            <qti_metadatafield>
              <fieldlabel>qmd_weighting</fieldlabel>
              <fieldentry>1.000000000</fieldentry>
            </qti_metadatafield>
            <qti_metadatafield>
              <fieldlabel>qmd_globalid</fieldlabel>
              <fieldentry>8c61469b-13e8-4b17-825d-7a96d1cf3bdd</fieldentry>
            </qti_metadatafield>
            <qti_metadatafield>
              <fieldlabel>qmd_displayid</fieldlabel>
              <fieldentry>MNTC_P04 2015/16 W-396</fieldentry>
            </qti_metadatafield>
          </qtimetadata>
        </itemmetadata>
        <itemproc_extension>
          <d2l_2p0:difficulty>1</d2l_2p0:difficulty>
          <d2l_2p0:isbonus>no</d2l_2p0:isbonus>
          <d2l_2p0:ismandatory>no</d2l_2p0:ismandatory>
        </itemproc_extension>
        <presentation>
          <flow>
            <material>
              <mattext texttype="text/html">For the graph defined by &lt;math xmlns="http://www.w3.org/1998/Math/MathML">&lt;mrow>&lt;mi>y&lt;/mi>&lt;mo>=&lt;/mo>&lt;mn>2&lt;/mn>&lt;msup>&lt;mi>x&lt;/mi>&lt;mn>3&lt;/mn>&lt;/msup>&lt;mo>-&lt;/mo>&lt;mi>x&lt;/mi>&lt;/mrow>&lt;/math>, which of the following would be the tangent line to the graph at &lt;math xmlns="http://www.w3.org/1998/Math/MathML">&lt;mrow>&lt;mi>x&lt;/mi>&lt;mo>=&lt;/mo>&lt;mn>1&lt;/mn>&lt;/mrow>&lt;/math>?

</mattext>
            </material>
            <response_extension>
              <d2l_2p0:display_style>2</d2l_2p0:display_style>
              <d2l_2p0:enumeration>6</d2l_2p0:enumeration>
              <d2l_2p0:grading_type>0</d2l_2p0:grading_type>
            </response_extension>
            <response_lid ident="Week02_Q1_LID" rcardinality="Single">
              <render_choice shuffle="no">
                <flow_label class="Block">
                  <response_label ident="Week02_QUES_1_ANS_1">
                    <flow_mat>
                      <material>
                        <mattext texttype="text/html">&lt;math xmlns="http://www.w3.org/1998/Math/MathML">&lt;mrow>&lt;mi>y&lt;/mi>&lt;mo>=&lt;/mo>&lt;mn>6&lt;/mn>&lt;msup>&lt;mi>x&lt;/mi>&lt;mn>2&lt;/mn>&lt;/msup>&lt;mo>-&lt;/mo>&lt;mn>1&lt;/mn>&lt;/mrow>&lt;/math>

</mattext>
                      </material>
                    </flow_mat>
                  </response_label>
                </flow_label>
                <flow_label class="Block">
                  <response_label ident="Week02_QUES_1_ANS_2">
                    <flow_mat>
                      <material>
                        <mattext texttype="text/html">&lt;math xmlns="http://www.w3.org/1998/Math/MathML">&lt;mrow>&lt;mi>y&lt;/mi>&lt;mo>=&lt;/mo>&lt;mrow>&lt;mo form="prefix">(&lt;/mo>&lt;mn>6&lt;/mn>&lt;msup>&lt;mi>x&lt;/mi>&lt;mn>2&lt;/mn>&lt;/msup>&lt;mo>-&lt;/mo>&lt;mn>1&lt;/mn>&lt;mo form="postfix">)&lt;/mo>&lt;/mrow>&lt;mrow>&lt;mo form="prefix">(&lt;/mo>&lt;mi>x&lt;/mi>&lt;mo>-&lt;/mo>&lt;mn>1&lt;/mn>&lt;mo form="postfix">)&lt;/mo>&lt;/mrow>&lt;mo>+&lt;/mo>&lt;mn>1&lt;/mn>&lt;/mrow>&lt;/math>

</mattext>
                      </material>
                    </flow_mat>
                  </response_label>
                </flow_label>
                <flow_label class="Block">
                  <response_label ident="Week02_QUES_1_ANS_3">
                    <flow_mat>
                      <material>
                        <mattext texttype="text/html">&lt;math xmlns="http://www.w3.org/1998/Math/MathML">&lt;mrow>&lt;mi>y&lt;/mi>&lt;mo>=&lt;/mo>&lt;mrow>&lt;mo form="prefix">(&lt;/mo>&lt;mn>6&lt;/mn>&lt;mo>-&lt;/mo>&lt;mn>1&lt;/mn>&lt;mo form="postfix">)&lt;/mo>&lt;/mrow>&lt;mrow>&lt;mo form="prefix">(&lt;/mo>&lt;mi>x&lt;/mi>&lt;mo>-&lt;/mo>&lt;mn>1&lt;/mn>&lt;mo form="postfix">)&lt;/mo>&lt;/mrow>&lt;mo>+&lt;/mo>&lt;mn>1&lt;/mn>&lt;/mrow>&lt;/math>

</mattext>
                      </material>
                    </flow_mat>
                  </response_label>
                </flow_label>
              </render_choice>
            </response_lid>
          </flow>
        </presentation>
        <resprocessing>
          <respcondition title="Response Condition 1">
            <conditionvar>
              <varequal respident="Week02_Q1_LID">Week02_QUES_1_ANS_1</varequal>
            </conditionvar>
            <setvar action="Set">0</setvar>
            <displayfeedback feedbacktype="Response" linkrefid="QUES_ANSWER_1">&lt;math xmlns="http://www.w3.org/1998/Math/MathML">&lt;mrow>&lt;mi>y&lt;/mi>&lt;mo>=&lt;/mo>&lt;mn>6&lt;/mn>&lt;msup>&lt;mi>x&lt;/mi>&lt;mn>2&lt;/mn>&lt;/msup>&lt;mo>-&lt;/mo>&lt;mn>1&lt;/mn>&lt;/mrow>&lt;/math>

</displayfeedback>
          </respcondition>
          <respcondition title="Response Condition 2">
            <conditionvar>
              <varequal respident="Week02_Q1_LID">Week02_QUES_1_ANS_2</varequal>
            </conditionvar>
            <setvar action="Set">0</setvar>
            <displayfeedback feedbacktype="Response" linkrefid="QUES_ANSWER_2">&lt;math xmlns="http://www.w3.org/1998/Math/MathML">&lt;mrow>&lt;mi>y&lt;/mi>&lt;mo>=&lt;/mo>&lt;mrow>&lt;mo form="prefix">(&lt;/mo>&lt;mn>6&lt;/mn>&lt;msup>&lt;mi>x&lt;/mi>&lt;mn>2&lt;/mn>&lt;/msup>&lt;mo>-&lt;/mo>&lt;mn>1&lt;/mn>&lt;mo form="postfix">)&lt;/mo>&lt;/mrow>&lt;mrow>&lt;mo form="prefix">(&lt;/mo>&lt;mi>x&lt;/mi>&lt;mo>-&lt;/mo>&lt;mn>1&lt;/mn>&lt;mo form="postfix">)&lt;/mo>&lt;/mrow>&lt;mo>+&lt;/mo>&lt;mn>1&lt;/mn>&lt;/mrow>&lt;/math>

</displayfeedback>
          </respcondition>
          <respcondition title="Response Condition 3">
            <conditionvar>
              <varequal respident="Week02_Q1_LID">Week02_QUES_1_ANS_3</varequal>
            </conditionvar>
            <setvar action="Set">100</setvar>
            <displayfeedback feedbacktype="Response" linkrefid="QUES_ANSWER_3">&lt;math xmlns="http://www.w3.org/1998/Math/MathML">&lt;mrow>&lt;mi>y&lt;/mi>&lt;mo>=&lt;/mo>&lt;mrow>&lt;mo form="prefix">(&lt;/mo>&lt;mn>6&lt;/mn>&lt;mo>-&lt;/mo>&lt;mn>1&lt;/mn>&lt;mo form="postfix">)&lt;/mo>&lt;/mrow>&lt;mrow>&lt;mo form="prefix">(&lt;/mo>&lt;mi>x&lt;/mi>&lt;mo>-&lt;/mo>&lt;mn>1&lt;/mn>&lt;mo form="postfix">)&lt;/mo>&lt;/mrow>&lt;mo>+&lt;/mo>&lt;mn>1&lt;/mn>&lt;/mrow>&lt;/math>

</displayfeedback>
          </respcondition>
        </resprocessing>
        <itemfeedback ident="Week02_Q1">
          <material>
            <mattext texttype="text/html">To compute the formula for the tangent line, we use &lt;br /> &lt;math xmlns="http://www.w3.org/1998/Math/MathML">&lt;mrow>&lt;mi>f&lt;/mi>&lt;mrow>&lt;mo form="prefix">(&lt;/mo>&lt;mi>x&lt;/mi>&lt;mo form="postfix">)&lt;/mo>&lt;/mrow>&lt;mo>=&lt;/mo>&lt;mn>2&lt;/mn>&lt;msup>&lt;mi>x&lt;/mi>&lt;mn>3&lt;/mn>&lt;/msup>&lt;mo>-&lt;/mo>&lt;mi>x&lt;/mi>&lt;/mrow>&lt;/math> and its derivative &lt;br /> &lt;math xmlns="http://www.w3.org/1998/Math/MathML">&lt;mrow>&lt;mi>f&lt;/mi>&lt;mo>'&lt;/mo>&lt;mrow>&lt;mo form="prefix">(&lt;/mo>&lt;mi>x&lt;/mi>&lt;mo form="postfix">)&lt;/mo>&lt;/mrow>&lt;mo>=&lt;/mo>&lt;mn>6&lt;/mn>&lt;msup>&lt;mi>x&lt;/mi>&lt;mn>2&lt;/mn>&lt;/msup>&lt;mo>-&lt;/mo>&lt;mn>1&lt;/mn>&lt;/mrow>&lt;/math>. &lt;br /> These need to be evaluated at the point &lt;math xmlns="http://www.w3.org/1998/Math/MathML">&lt;mrow>&lt;mi>a&lt;/mi>&lt;mo>=&lt;/mo>&lt;mn>1&lt;/mn>&lt;/mrow>&lt;/math>, and then we are ready to use our linearization formula, &lt;br /> &lt;math xmlns="http://www.w3.org/1998/Math/MathML">&lt;mrow>&lt;mi>y&lt;/mi>&lt;mo>=&lt;/mo>&lt;mi>f&lt;/mi>&lt;mo>'&lt;/mo>&lt;mrow>&lt;mo form="prefix">(&lt;/mo>&lt;mi>a&lt;/mi>&lt;mo form="postfix">)&lt;/mo>&lt;/mrow>&lt;mrow>&lt;mo form="prefix">(&lt;/mo>&lt;mi>x&lt;/mi>&lt;mo>-&lt;/mo>&lt;mi>a&lt;/mi>&lt;mo form="postfix">)&lt;/mo>&lt;/mrow>&lt;mo>+&lt;/mo>&lt;mi>f&lt;/mi>&lt;mrow>&lt;mo form="prefix">(&lt;/mo>&lt;mi>a&lt;/mi>&lt;mo form="postfix">)&lt;/mo>&lt;/mrow>&lt;/mrow>&lt;/math></mattext>
          </material>
        </itemfeedback>
      </item>
      <item d2l_2p0:id="3" d2l_2p0:page="1" ident="OBJ_115255" label="Week02_Q2" title="Week02_Q2">
        <itemmetadata>
          <qtimetadata>
            <qti_metadatafield>
              <fieldlabel>qmd_computerscored</fieldlabel>
              <fieldentry>yes</fieldentry>
            </qti_metadatafield>
            <qti_metadatafield>
              <fieldlabel>qmd_questiontype</fieldlabel>
              <fieldentry>Multiple Choice</fieldentry>
            </qti_metadatafield>
            <qti_metadatafield>
              <fieldlabel>qmd_weighting</fieldlabel>
              <fieldentry>1.000000000</fieldentry>
            </qti_metadatafield>
            <qti_metadatafield>
              <fieldlabel>qmd_globalid</fieldlabel>
              <fieldentry>8c61469b-13e8-4b17-825d-7a96d1cf3bdd</fieldentry>
            </qti_metadatafield>
            <qti_metadatafield>
              <fieldlabel>qmd_displayid</fieldlabel>
              <fieldentry>MNTC_P04 2015/16 W-396</fieldentry>
            </qti_metadatafield>
          </qtimetadata>
        </itemmetadata>
        <itemproc_extension>
          <d2l_2p0:difficulty>1</d2l_2p0:difficulty>
          <d2l_2p0:isbonus>no</d2l_2p0:isbonus>
          <d2l_2p0:ismandatory>no</d2l_2p0:ismandatory>
        </itemproc_extension>
        <presentation>
          <flow>
            <material>
              <mattext texttype="text/html"> Consider the graph below, and the point indicated in red. &lt;br /> &lt;img src="http://www.mast.queensu.ca/~apsc171/MNTCP01/CheckIns/Week02/tangentline.png" width="400px" alt="tangentline" /> &lt;br /> Which of the following is the formula for the tangent line at the point? &lt;br /> Note: you do &lt;b>not&lt;/b> need the formula for the graph to answer this question. </mattext>
            </material>
            <response_extension>
              <d2l_2p0:display_style>2</d2l_2p0:display_style>
              <d2l_2p0:enumeration>6</d2l_2p0:enumeration>
              <d2l_2p0:grading_type>0</d2l_2p0:grading_type>
            </response_extension>
            <response_lid ident="Week02_Q2_LID" rcardinality="Single">
              <render_choice shuffle="no">
                <flow_label class="Block">
                  <response_label ident="Week02_QUES_2_ANS_1">
                    <flow_mat>
                      <material>
                        <mattext texttype="text/html">&lt;math xmlns="http://www.w3.org/1998/Math/MathML">&lt;mrow>&lt;mi>y&lt;/mi>&lt;mo>=&lt;/mo>&lt;mn>2.2&lt;/mn>&lt;mrow>&lt;mo form="prefix">(&lt;/mo>&lt;mi>x&lt;/mi>&lt;mo>-&lt;/mo>&lt;mn>1.25&lt;/mn>&lt;mo form="postfix">)&lt;/mo>&lt;/mrow>&lt;mo>+&lt;/mo>&lt;mn>0.7&lt;/mn>&lt;/mrow>&lt;/math>

</mattext>
                      </material>
                    </flow_mat>
                  </response_label>
                </flow_label>
                <flow_label class="Block">
                  <response_label ident="Week02_QUES_2_ANS_2">
                    <flow_mat>
                      <material>
                        <mattext texttype="text/html">&lt;math xmlns="http://www.w3.org/1998/Math/MathML">&lt;mrow>&lt;mi>y&lt;/mi>&lt;mo>=&lt;/mo>&lt;mo>-&lt;/mo>&lt;mn>2.2&lt;/mn>&lt;mrow>&lt;mo form="prefix">(&lt;/mo>&lt;mi>x&lt;/mi>&lt;mo>-&lt;/mo>&lt;mn>1.25&lt;/mn>&lt;mo form="postfix">)&lt;/mo>&lt;/mrow>&lt;mo>+&lt;/mo>&lt;mn>0.7&lt;/mn>&lt;/mrow>&lt;/math>

</mattext>
                      </material>
                    </flow_mat>
                  </response_label>
                </flow_label>
                <flow_label class="Block">
                  <response_label ident="Week02_QUES_2_ANS_3">
                    <flow_mat>
                      <material>
                        <mattext texttype="text/html">&lt;math xmlns="http://www.w3.org/1998/Math/MathML">&lt;mrow>&lt;mi>y&lt;/mi>&lt;mo>=&lt;/mo>&lt;mn>2.2&lt;/mn>&lt;mrow>&lt;mo form="prefix">(&lt;/mo>&lt;mi>x&lt;/mi>&lt;mo>-&lt;/mo>&lt;mn>1.25&lt;/mn>&lt;mo form="postfix">)&lt;/mo>&lt;/mrow>&lt;mo>-&lt;/mo>&lt;mn>0.7&lt;/mn>&lt;/mrow>&lt;/math>

</mattext>
                      </material>
                    </flow_mat>
                  </response_label>
                </flow_label>
                <flow_label class="Block">
                  <response_label ident="Week02_QUES_2_ANS_4">
                    <flow_mat>
                      <material>
                        <mattext texttype="text/html">&lt;math xmlns="http://www.w3.org/1998/Math/MathML">&lt;mrow>&lt;mi>y&lt;/mi>&lt;mo>=&lt;/mo>&lt;mo>-&lt;/mo>&lt;mn>2.2&lt;/mn>&lt;mrow>&lt;mo form="prefix">(&lt;/mo>&lt;mi>x&lt;/mi>&lt;mo>-&lt;/mo>&lt;mn>1.25&lt;/mn>&lt;mo form="postfix">)&lt;/mo>&lt;/mrow>&lt;mo>-&lt;/mo>&lt;mn>0.7&lt;/mn>&lt;/mrow>&lt;/math>

</mattext>
                      </material>
                    </flow_mat>
                  </response_label>
                </flow_label>
              </render_choice>
            </response_lid>
          </flow>
        </presentation>
        <resprocessing>
          <respcondition title="Response Condition 1">
            <conditionvar>
              <varequal respident="Week02_Q2_LID">Week02_QUES_2_ANS_1</varequal>
            </conditionvar>
            <setvar action="Set">0</setvar>
            <displayfeedback feedbacktype="Response" linkrefid="QUES_ANSWER_1">&lt;math xmlns="http://www.w3.org/1998/Math/MathML">&lt;mrow>&lt;mi>y&lt;/mi>&lt;mo>=&lt;/mo>&lt;mn>2.2&lt;/mn>&lt;mrow>&lt;mo form="prefix">(&lt;/mo>&lt;mi>x&lt;/mi>&lt;mo>-&lt;/mo>&lt;mn>1.25&lt;/mn>&lt;mo form="postfix">)&lt;/mo>&lt;/mrow>&lt;mo>+&lt;/mo>&lt;mn>0.7&lt;/mn>&lt;/mrow>&lt;/math>

</displayfeedback>
          </respcondition>
          <respcondition title="Response Condition 2">
            <conditionvar>
              <varequal respident="Week02_Q2_LID">Week02_QUES_2_ANS_2</varequal>
            </conditionvar>
            <setvar action="Set">0</setvar>
            <displayfeedback feedbacktype="Response" linkrefid="QUES_ANSWER_2">&lt;math xmlns="http://www.w3.org/1998/Math/MathML">&lt;mrow>&lt;mi>y&lt;/mi>&lt;mo>=&lt;/mo>&lt;mo>-&lt;/mo>&lt;mn>2.2&lt;/mn>&lt;mrow>&lt;mo form="prefix">(&lt;/mo>&lt;mi>x&lt;/mi>&lt;mo>-&lt;/mo>&lt;mn>1.25&lt;/mn>&lt;mo form="postfix">)&lt;/mo>&lt;/mrow>&lt;mo>+&lt;/mo>&lt;mn>0.7&lt;/mn>&lt;/mrow>&lt;/math>

</displayfeedback>
          </respcondition>
          <respcondition title="Response Condition 3">
            <conditionvar>
              <varequal respident="Week02_Q2_LID">Week02_QUES_2_ANS_3</varequal>
            </conditionvar>
            <setvar action="Set">0</setvar>
            <displayfeedback feedbacktype="Response" linkrefid="QUES_ANSWER_3">&lt;math xmlns="http://www.w3.org/1998/Math/MathML">&lt;mrow>&lt;mi>y&lt;/mi>&lt;mo>=&lt;/mo>&lt;mn>2.2&lt;/mn>&lt;mrow>&lt;mo form="prefix">(&lt;/mo>&lt;mi>x&lt;/mi>&lt;mo>-&lt;/mo>&lt;mn>1.25&lt;/mn>&lt;mo form="postfix">)&lt;/mo>&lt;/mrow>&lt;mo>-&lt;/mo>&lt;mn>0.7&lt;/mn>&lt;/mrow>&lt;/math>

</displayfeedback>
          </respcondition>
          <respcondition title="Response Condition 4">
            <conditionvar>
              <varequal respident="Week02_Q2_LID">Week02_QUES_2_ANS_4</varequal>
            </conditionvar>
            <setvar action="Set">100</setvar>
            <displayfeedback feedbacktype="Response" linkrefid="QUES_ANSWER_4">&lt;math xmlns="http://www.w3.org/1998/Math/MathML">&lt;mrow>&lt;mi>y&lt;/mi>&lt;mo>=&lt;/mo>&lt;mo>-&lt;/mo>&lt;mn>2.2&lt;/mn>&lt;mrow>&lt;mo form="prefix">(&lt;/mo>&lt;mi>x&lt;/mi>&lt;mo>-&lt;/mo>&lt;mn>1.25&lt;/mn>&lt;mo form="postfix">)&lt;/mo>&lt;/mrow>&lt;mo>-&lt;/mo>&lt;mn>0.7&lt;/mn>&lt;/mrow>&lt;/math>

</displayfeedback>
          </respcondition>
        </resprocessing>
        <itemfeedback ident="Week02_Q2">
          <material>
            <mattext texttype="text/html">Note that the tangent line at the red dot has the same slope at value as the graph.  We are essentially asking whether: &lt;br />the slope is -2.2 or +2.2, and whether &lt;br />the &lt;math xmlns="http://www.w3.org/1998/Math/MathML">&lt;mrow>&lt;mi>y&lt;/mi>&lt;/mrow>&lt;/math> value is -0.7 or +0.7. &lt;p>From the graph, we can see that at the red dot location, both the slope and the &lt;math xmlns="http://www.w3.org/1998/Math/MathML">&lt;mrow>&lt;mi>y&lt;/mi>&lt;/mrow>&lt;/math> value are negative.</mattext>
          </material>
        </itemfeedback>
      </item>
      <item d2l_2p0:id="3" d2l_2p0:page="1" ident="OBJ_115255" label="Week02_Q3" title="Week02_Q3">
        <itemmetadata>
          <qtimetadata>
            <qti_metadatafield>
              <fieldlabel>qmd_computerscored</fieldlabel>
              <fieldentry>yes</fieldentry>
            </qti_metadatafield>
            <qti_metadatafield>
              <fieldlabel>qmd_questiontype</fieldlabel>
              <fieldentry>Multiple Choice</fieldentry>
            </qti_metadatafield>
            <qti_metadatafield>
              <fieldlabel>qmd_weighting</fieldlabel>
              <fieldentry>1.000000000</fieldentry>
            </qti_metadatafield>
            <qti_metadatafield>
              <fieldlabel>qmd_globalid</fieldlabel>
              <fieldentry>8c61469b-13e8-4b17-825d-7a96d1cf3bdd</fieldentry>
            </qti_metadatafield>
            <qti_metadatafield>
              <fieldlabel>qmd_displayid</fieldlabel>
              <fieldentry>MNTC_P04 2015/16 W-396</fieldentry>
            </qti_metadatafield>
          </qtimetadata>
        </itemmetadata>
        <itemproc_extension>
          <d2l_2p0:difficulty>1</d2l_2p0:difficulty>
          <d2l_2p0:isbonus>no</d2l_2p0:isbonus>
          <d2l_2p0:ismandatory>no</d2l_2p0:ismandatory>
        </itemproc_extension>
        <presentation>
          <flow>
            <material>
              <mattext texttype="text/html">The updating formula for Newton's method is &lt;br /> &lt;math xmlns="http://www.w3.org/1998/Math/MathML">&lt;mrow>&lt;mstyle displaystyle="true">&lt;mi>c&lt;/mi>&lt;mo>=&lt;/mo>&lt;mi>a&lt;/mi>&lt;mo>-&lt;/mo>&lt;mfrac linethickness="1">&lt;mrow>&lt;mi>f&lt;/mi>&lt;mrow>&lt;mo form="prefix">(&lt;/mo>&lt;mi>a&lt;/mi>&lt;mo form="postfix">)&lt;/mo>&lt;/mrow>&lt;/mrow>&lt;mrow>&lt;mi>f&lt;/mi>&lt;mo>'&lt;/mo>&lt;mrow>&lt;mo form="prefix">(&lt;/mo>&lt;mi>a&lt;/mi>&lt;mo form="postfix">)&lt;/mo>&lt;/mrow>&lt;/mrow>&lt;/mfrac>&lt;/mstyle>&lt;/mrow>&lt;/math> &lt;br /> Where is that formula derived from?

</mattext>
            </material>
            <response_extension>
              <d2l_2p0:display_style>2</d2l_2p0:display_style>
              <d2l_2p0:enumeration>6</d2l_2p0:enumeration>
              <d2l_2p0:grading_type>0</d2l_2p0:grading_type>
            </response_extension>
            <response_lid ident="Week02_Q3_LID" rcardinality="Single">
              <render_choice shuffle="no">
                <flow_label class="Block">
                  <response_label ident="Week02_QUES_3_ANS_1">
                    <flow_mat>
                      <material>
                        <mattext texttype="text/html">By solving the tangent line formula for the point where &lt;math xmlns="http://www.w3.org/1998/Math/MathML">&lt;mrow>&lt;mi>x&lt;/mi>&lt;mo>=&lt;/mo>&lt;mn>0&lt;/mn>&lt;/mrow>&lt;/math>.

</mattext>
                      </material>
                    </flow_mat>
                  </response_label>
                </flow_label>
                <flow_label class="Block">
                  <response_label ident="Week02_QUES_3_ANS_2">
                    <flow_mat>
                      <material>
                        <mattext texttype="text/html">By solving the tangent line formula for the point where &lt;math xmlns="http://www.w3.org/1998/Math/MathML">&lt;mrow>&lt;mi>y&lt;/mi>&lt;mo>=&lt;/mo>&lt;mn>0&lt;/mn>&lt;/mrow>&lt;/math>.

</mattext>
                      </material>
                    </flow_mat>
                  </response_label>
                </flow_label>
                <flow_label class="Block">
                  <response_label ident="Week02_QUES_3_ANS_3">
                    <flow_mat>
                      <material>
                        <mattext texttype="text/html">By solving for where &lt;math xmlns="http://www.w3.org/1998/Math/MathML">&lt;mrow>&lt;mi>f&lt;/mi>&lt;mrow>&lt;mo form="prefix">(&lt;/mo>&lt;mi>x&lt;/mi>&lt;mo form="postfix">)&lt;/mo>&lt;/mrow>&lt;/mrow>&lt;/math> satisfies &lt;math xmlns="http://www.w3.org/1998/Math/MathML">&lt;mrow>&lt;mi>y&lt;/mi>&lt;mo>=&lt;/mo>&lt;mn>0&lt;/mn>&lt;/mrow>&lt;/math>.

</mattext>
                      </material>
                    </flow_mat>
                  </response_label>
                </flow_label>
                <flow_label class="Block">
                  <response_label ident="Week02_QUES_3_ANS_4">
                    <flow_mat>
                      <material>
                        <mattext texttype="text/html">By solving for where &lt;math xmlns="http://www.w3.org/1998/Math/MathML">&lt;mrow>&lt;mi>f&lt;/mi>&lt;mrow>&lt;mo form="prefix">(&lt;/mo>&lt;mi>x&lt;/mi>&lt;mo form="postfix">)&lt;/mo>&lt;/mrow>&lt;/mrow>&lt;/math> satisfies &lt;math xmlns="http://www.w3.org/1998/Math/MathML">&lt;mrow>&lt;mi>x&lt;/mi>&lt;mo>=&lt;/mo>&lt;mn>0&lt;/mn>&lt;/mrow>&lt;/math>.

</mattext>
                      </material>
                    </flow_mat>
                  </response_label>
                </flow_label>
              </render_choice>
            </response_lid>
          </flow>
        </presentation>
        <resprocessing>
          <respcondition title="Response Condition 1">
            <conditionvar>
              <varequal respident="Week02_Q3_LID">Week02_QUES_3_ANS_1</varequal>
            </conditionvar>
            <setvar action="Set">0</setvar>
            <displayfeedback feedbacktype="Response" linkrefid="QUES_ANSWER_1">By solving the tangent line formula for the point where &lt;math xmlns="http://www.w3.org/1998/Math/MathML">&lt;mrow>&lt;mi>x&lt;/mi>&lt;mo>=&lt;/mo>&lt;mn>0&lt;/mn>&lt;/mrow>&lt;/math>.

</displayfeedback>
          </respcondition>
          <respcondition title="Response Condition 2">
            <conditionvar>
              <varequal respident="Week02_Q3_LID">Week02_QUES_3_ANS_2</varequal>
            </conditionvar>
            <setvar action="Set">100</setvar>
            <displayfeedback feedbacktype="Response" linkrefid="QUES_ANSWER_2">By solving the tangent line formula for the point where &lt;math xmlns="http://www.w3.org/1998/Math/MathML">&lt;mrow>&lt;mi>y&lt;/mi>&lt;mo>=&lt;/mo>&lt;mn>0&lt;/mn>&lt;/mrow>&lt;/math>.

</displayfeedback>
          </respcondition>
          <respcondition title="Response Condition 3">
            <conditionvar>
              <varequal respident="Week02_Q3_LID">Week02_QUES_3_ANS_3</varequal>
            </conditionvar>
            <setvar action="Set">0</setvar>
            <displayfeedback feedbacktype="Response" linkrefid="QUES_ANSWER_3">By solving for where &lt;math xmlns="http://www.w3.org/1998/Math/MathML">&lt;mrow>&lt;mi>f&lt;/mi>&lt;mrow>&lt;mo form="prefix">(&lt;/mo>&lt;mi>x&lt;/mi>&lt;mo form="postfix">)&lt;/mo>&lt;/mrow>&lt;/mrow>&lt;/math> satisfies &lt;math xmlns="http://www.w3.org/1998/Math/MathML">&lt;mrow>&lt;mi>y&lt;/mi>&lt;mo>=&lt;/mo>&lt;mn>0&lt;/mn>&lt;/mrow>&lt;/math>.

</displayfeedback>
          </respcondition>
          <respcondition title="Response Condition 4">
            <conditionvar>
              <varequal respident="Week02_Q3_LID">Week02_QUES_3_ANS_4</varequal>
            </conditionvar>
            <setvar action="Set">0</setvar>
            <displayfeedback feedbacktype="Response" linkrefid="QUES_ANSWER_4">By solving for where &lt;math xmlns="http://www.w3.org/1998/Math/MathML">&lt;mrow>&lt;mi>f&lt;/mi>&lt;mrow>&lt;mo form="prefix">(&lt;/mo>&lt;mi>x&lt;/mi>&lt;mo form="postfix">)&lt;/mo>&lt;/mrow>&lt;/mrow>&lt;/math> satisfies &lt;math xmlns="http://www.w3.org/1998/Math/MathML">&lt;mrow>&lt;mi>x&lt;/mi>&lt;mo>=&lt;/mo>&lt;mn>0&lt;/mn>&lt;/mrow>&lt;/math>.

</displayfeedback>
          </respcondition>
        </resprocessing>
        <itemfeedback ident="Week02_Q3">
          <material>
            <mattext texttype="text/html">Newton's method is &lt;em>approximating&lt;/em> the actual graph of &lt;math xmlns="http://www.w3.org/1998/Math/MathML">&lt;mrow>&lt;mi>f&lt;/mi>&lt;mrow>&lt;mo form="prefix">(&lt;/mo>&lt;mi>x&lt;/mi>&lt;mo form="postfix">)&lt;/mo>&lt;/mrow>&lt;/mrow>&lt;/math> with its tangent line, so the method does not use the function directly, but only indirectly using the tangent line formula. &lt;p> We are interested in solving for the roots (or "zeros") of a function, and a root/zero is where &lt;math xmlns="http://www.w3.org/1998/Math/MathML">&lt;mrow>&lt;mi>y&lt;/mi>&lt;mo>=&lt;/mo>&lt;mn>0&lt;/mn>&lt;/mrow>&lt;/math>.</mattext>
          </material>
        </itemfeedback>
      </item>
    </section>
  </objectbank>
</questestinterop>
