<?xml version="1.0" encoding="UTF-8"?>
<questestinterop>
  <objectbank ident="QLIB_50893" xmlns:d2l_2p0="http://desire2learn.com/xsd/d2lcp_v2p0">
    <section d2l_2p0:id="2" ident="SECT_119460" title="Week05">
      <sectionproc_extension>
        <d2l_2p0:display_section_name>no</d2l_2p0:display_section_name>
        <d2l_2p0:display_section_line>no</d2l_2p0:display_section_line>
        <d2l_2p0:type_display_section>0</d2l_2p0:type_display_section>
      </sectionproc_extension>
      <item d2l_2p0:id="3" d2l_2p0:page="1" ident="OBJ_115255" label="Week05_Q1" title="Week05_Q1">
        <itemmetadata>
          <qtimetadata>
            <qti_metadatafield>
              <fieldlabel>qmd_computerscored</fieldlabel>
              <fieldentry>yes</fieldentry>
            </qti_metadatafield>
            <qti_metadatafield>
              <fieldlabel>qmd_questiontype</fieldlabel>
              <fieldentry>Multiple Choice</fieldentry>
            </qti_metadatafield>
            <qti_metadatafield>
              <fieldlabel>qmd_weighting</fieldlabel>
              <fieldentry>1.000000000</fieldentry>
            </qti_metadatafield>
            <qti_metadatafield>
              <fieldlabel>qmd_globalid</fieldlabel>
              <fieldentry>8c61469b-13e8-4b17-825d-7a96d1cf3bdd</fieldentry>
            </qti_metadatafield>
            <qti_metadatafield>
              <fieldlabel>qmd_displayid</fieldlabel>
              <fieldentry>MNTC_P04 2015/16 W-396</fieldentry>
            </qti_metadatafield>
          </qtimetadata>
        </itemmetadata>
        <itemproc_extension>
          <d2l_2p0:difficulty>1</d2l_2p0:difficulty>
          <d2l_2p0:isbonus>no</d2l_2p0:isbonus>
          <d2l_2p0:ismandatory>no</d2l_2p0:ismandatory>
        </itemproc_extension>
        <presentation>
          <flow>
            <material>
              <mattext texttype="text/html"> Which of the integrals below could be transformed into the simplest new integral by using a substitution?	         </mattext>
            </material>
            <response_extension>
              <d2l_2p0:display_style>2</d2l_2p0:display_style>
              <d2l_2p0:enumeration>6</d2l_2p0:enumeration>
              <d2l_2p0:grading_type>0</d2l_2p0:grading_type>
            </response_extension>
            <response_lid ident="Week05_Q1_LID" rcardinality="Single">
              <render_choice shuffle="no">
                <flow_label class="Block">
                  <response_label ident="Week05_QUES_1_ANS_1">
                    <flow_mat>
                      <material>
                        <mattext texttype="text/html">&lt;math xmlns="http://www.w3.org/1998/Math/MathML">&lt;mrow>&lt;mstyle displaystyle="true">&lt;mstyle displaystyle="true">&lt;mo>&amp;int;&lt;/mo>&lt;/mstyle>&lt;mi>x&lt;/mi>&lt;mi>sin&lt;/mi>&lt;mrow>&lt;mo form="prefix">(&lt;/mo>&lt;mi>x&lt;/mi>&lt;mo form="postfix">)&lt;/mo>&lt;/mrow>&lt;mi>&amp;nbsp;&lt;/mi>&lt;mi>d&lt;/mi>&lt;mi>x&lt;/mi>&lt;/mstyle>&lt;/mrow>&lt;/math>

</mattext>
                      </material>
                    </flow_mat>
                  </response_label>
                </flow_label>
                <flow_label class="Block">
                  <response_label ident="Week05_QUES_1_ANS_2">
                    <flow_mat>
                      <material>
                        <mattext texttype="text/html">&lt;math xmlns="http://www.w3.org/1998/Math/MathML">&lt;mrow>&lt;mstyle displaystyle="true">&lt;mstyle displaystyle="true">&lt;mo>&amp;int;&lt;/mo>&lt;/mstyle>&lt;mfrac linethickness="1">&lt;mi>x&lt;/mi>&lt;mrow>&lt;mi>ln&lt;/mi>&lt;mi>x&lt;/mi>&lt;/mrow>&lt;/mfrac>&lt;mi>&amp;nbsp;&lt;/mi>&lt;mi>d&lt;/mi>&lt;mi>x&lt;/mi>&lt;/mstyle>&lt;/mrow>&lt;/math>

</mattext>
                      </material>
                    </flow_mat>
                  </response_label>
                </flow_label>
                <flow_label class="Block">
                  <response_label ident="Week05_QUES_1_ANS_3">
                    <flow_mat>
                      <material>
                        <mattext texttype="text/html">&lt;math xmlns="http://www.w3.org/1998/Math/MathML">&lt;mrow>&lt;mstyle displaystyle="true">&lt;mstyle displaystyle="true">&lt;mo>&amp;int;&lt;/mo>&lt;/mstyle>&lt;msqrt>&lt;mi>x&lt;/mi>&lt;/msqrt>&lt;msup>&lt;mi>e&lt;/mi>&lt;mrow>&lt;msqrt>&lt;mi>x&lt;/mi>&lt;/msqrt>&lt;/mrow>&lt;/msup>&lt;mi>&amp;nbsp;&lt;/mi>&lt;mi>d&lt;/mi>&lt;mi>x&lt;/mi>&lt;/mstyle>&lt;/mrow>&lt;/math>

</mattext>
                      </material>
                    </flow_mat>
                  </response_label>
                </flow_label>
                <flow_label class="Block">
                  <response_label ident="Week05_QUES_1_ANS_4">
                    <flow_mat>
                      <material>
                        <mattext texttype="text/html">&lt;math xmlns="http://www.w3.org/1998/Math/MathML">&lt;mrow>&lt;mstyle displaystyle="true">&lt;mstyle displaystyle="true">&lt;mo>&amp;int;&lt;/mo>&lt;/mstyle>&lt;msup>&lt;mi>x&lt;/mi>&lt;mn>2&lt;/mn>&lt;/msup>&lt;msup>&lt;mrow>&lt;mo form="prefix">(&lt;/mo>&lt;msup>&lt;mi>x&lt;/mi>&lt;mn>3&lt;/mn>&lt;/msup>&lt;mo>+&lt;/mo>&lt;mn>3&lt;/mn>&lt;mo form="postfix">)&lt;/mo>&lt;/mrow>&lt;mn>6&lt;/mn>&lt;/msup>&lt;mi>&amp;nbsp;&lt;/mi>&lt;mi>d&lt;/mi>&lt;mi>x&lt;/mi>&lt;/mstyle>&lt;/mrow>&lt;/math>

</mattext>
                      </material>
                    </flow_mat>
                  </response_label>
                </flow_label>
              </render_choice>
            </response_lid>
          </flow>
        </presentation>
        <resprocessing>
          <respcondition title="Response Condition 1">
            <conditionvar>
              <varequal respident="Week05_Q1_LID">Week05_QUES_1_ANS_1</varequal>
            </conditionvar>
            <setvar action="Set">0</setvar>
            <displayfeedback feedbacktype="Response" linkrefid="QUES_ANSWER_1">&lt;math xmlns="http://www.w3.org/1998/Math/MathML">&lt;mrow>&lt;mstyle displaystyle="true">&lt;mstyle displaystyle="true">&lt;mo>&amp;int;&lt;/mo>&lt;/mstyle>&lt;mi>x&lt;/mi>&lt;mi>sin&lt;/mi>&lt;mrow>&lt;mo form="prefix">(&lt;/mo>&lt;mi>x&lt;/mi>&lt;mo form="postfix">)&lt;/mo>&lt;/mrow>&lt;mi>&amp;nbsp;&lt;/mi>&lt;mi>d&lt;/mi>&lt;mi>x&lt;/mi>&lt;/mstyle>&lt;/mrow>&lt;/math>

</displayfeedback>
          </respcondition>
          <respcondition title="Response Condition 2">
            <conditionvar>
              <varequal respident="Week05_Q1_LID">Week05_QUES_1_ANS_2</varequal>
            </conditionvar>
            <setvar action="Set">0</setvar>
            <displayfeedback feedbacktype="Response" linkrefid="QUES_ANSWER_2">&lt;math xmlns="http://www.w3.org/1998/Math/MathML">&lt;mrow>&lt;mstyle displaystyle="true">&lt;mstyle displaystyle="true">&lt;mo>&amp;int;&lt;/mo>&lt;/mstyle>&lt;mfrac linethickness="1">&lt;mi>x&lt;/mi>&lt;mrow>&lt;mi>ln&lt;/mi>&lt;mi>x&lt;/mi>&lt;/mrow>&lt;/mfrac>&lt;mi>&amp;nbsp;&lt;/mi>&lt;mi>d&lt;/mi>&lt;mi>x&lt;/mi>&lt;/mstyle>&lt;/mrow>&lt;/math>

</displayfeedback>
          </respcondition>
          <respcondition title="Response Condition 3">
            <conditionvar>
              <varequal respident="Week05_Q1_LID">Week05_QUES_1_ANS_3</varequal>
            </conditionvar>
            <setvar action="Set">0</setvar>
            <displayfeedback feedbacktype="Response" linkrefid="QUES_ANSWER_3">&lt;math xmlns="http://www.w3.org/1998/Math/MathML">&lt;mrow>&lt;mstyle displaystyle="true">&lt;mstyle displaystyle="true">&lt;mo>&amp;int;&lt;/mo>&lt;/mstyle>&lt;msqrt>&lt;mi>x&lt;/mi>&lt;/msqrt>&lt;msup>&lt;mi>e&lt;/mi>&lt;mrow>&lt;msqrt>&lt;mi>x&lt;/mi>&lt;/msqrt>&lt;/mrow>&lt;/msup>&lt;mi>&amp;nbsp;&lt;/mi>&lt;mi>d&lt;/mi>&lt;mi>x&lt;/mi>&lt;/mstyle>&lt;/mrow>&lt;/math>

</displayfeedback>
          </respcondition>
          <respcondition title="Response Condition 4">
            <conditionvar>
              <varequal respident="Week05_Q1_LID">Week05_QUES_1_ANS_4</varequal>
            </conditionvar>
            <setvar action="Set">100</setvar>
            <displayfeedback feedbacktype="Response" linkrefid="QUES_ANSWER_4">&lt;math xmlns="http://www.w3.org/1998/Math/MathML">&lt;mrow>&lt;mstyle displaystyle="true">&lt;mstyle displaystyle="true">&lt;mo>&amp;int;&lt;/mo>&lt;/mstyle>&lt;msup>&lt;mi>x&lt;/mi>&lt;mn>2&lt;/mn>&lt;/msup>&lt;msup>&lt;mrow>&lt;mo form="prefix">(&lt;/mo>&lt;msup>&lt;mi>x&lt;/mi>&lt;mn>3&lt;/mn>&lt;/msup>&lt;mo>+&lt;/mo>&lt;mn>3&lt;/mn>&lt;mo form="postfix">)&lt;/mo>&lt;/mrow>&lt;mn>6&lt;/mn>&lt;/msup>&lt;mi>&amp;nbsp;&lt;/mi>&lt;mi>d&lt;/mi>&lt;mi>x&lt;/mi>&lt;/mstyle>&lt;/mrow>&lt;/math>

</displayfeedback>
          </respcondition>
        </resprocessing>
        <itemfeedback ident="Week05_Q1">
          <material>
            <mattext texttype="text/html">&lt;br /> (d) - selecting &lt;math xmlns="http://www.w3.org/1998/Math/MathML">&lt;mrow>&lt;mi>w&lt;/mi>&lt;mo>=&lt;/mo>&lt;msup>&lt;mi>x&lt;/mi>&lt;mn>3&lt;/mn>&lt;/msup>&lt;mo>+&lt;/mo>&lt;mn>3&lt;/mn>&lt;/mrow>&lt;/math>, dividing by its derivative &lt;math xmlns="http://www.w3.org/1998/Math/MathML">&lt;mrow>&lt;mo form="prefix">(&lt;/mo>&lt;mn>3&lt;/mn>&lt;msup>&lt;mi>x&lt;/mi>&lt;mn>2&lt;/mn>&lt;/msup>&lt;mo form="postfix">)&lt;/mo>&lt;/mrow>&lt;/math> will cancel the leading &lt;math xmlns="http://www.w3.org/1998/Math/MathML">&lt;mrow>&lt;msup>&lt;mi>x&lt;/mi>&lt;mn>2&lt;/mn>&lt;/msup>&lt;/mrow>&lt;/math>.  The new integral will look like &lt;math xmlns="http://www.w3.org/1998/Math/MathML">&lt;mrow>&lt;mstyle displaystyle="true">&lt;mstyle displaystyle="true">&lt;mo>&amp;int;&lt;/mo>&lt;/mstyle>&lt;msup>&lt;mi>u&lt;/mi>&lt;mn>6&lt;/mn>&lt;/msup>&lt;mi>&amp;nbsp;&lt;/mi>&lt;mi>d&lt;/mi>&lt;mi>u&lt;/mi>&lt;/mstyle>&lt;/mrow>&lt;/math> with some constants, which is pretty simple.</mattext>
          </material>
        </itemfeedback>
      </item>
      <item d2l_2p0:id="3" d2l_2p0:page="1" ident="OBJ_115255" label="Week05_Q2" title="Week05_Q2">
        <itemmetadata>
          <qtimetadata>
            <qti_metadatafield>
              <fieldlabel>qmd_computerscored</fieldlabel>
              <fieldentry>yes</fieldentry>
            </qti_metadatafield>
            <qti_metadatafield>
              <fieldlabel>qmd_questiontype</fieldlabel>
              <fieldentry>Multiple Choice</fieldentry>
            </qti_metadatafield>
            <qti_metadatafield>
              <fieldlabel>qmd_weighting</fieldlabel>
              <fieldentry>1.000000000</fieldentry>
            </qti_metadatafield>
            <qti_metadatafield>
              <fieldlabel>qmd_globalid</fieldlabel>
              <fieldentry>8c61469b-13e8-4b17-825d-7a96d1cf3bdd</fieldentry>
            </qti_metadatafield>
            <qti_metadatafield>
              <fieldlabel>qmd_displayid</fieldlabel>
              <fieldentry>MNTC_P04 2015/16 W-396</fieldentry>
            </qti_metadatafield>
          </qtimetadata>
        </itemmetadata>
        <itemproc_extension>
          <d2l_2p0:difficulty>1</d2l_2p0:difficulty>
          <d2l_2p0:isbonus>no</d2l_2p0:isbonus>
          <d2l_2p0:ismandatory>no</d2l_2p0:ismandatory>
        </itemproc_extension>
        <presentation>
          <flow>
            <material>
              <mattext texttype="text/html"> For which of the following integrals is integration by parts appropriate? </mattext>
            </material>
            <response_extension>
              <d2l_2p0:display_style>2</d2l_2p0:display_style>
              <d2l_2p0:enumeration>6</d2l_2p0:enumeration>
              <d2l_2p0:grading_type>0</d2l_2p0:grading_type>
            </response_extension>
            <response_lid ident="Week05_Q2_LID" rcardinality="Single">
              <render_choice shuffle="no">
                <flow_label class="Block">
                  <response_label ident="Week05_QUES_2_ANS_1">
                    <flow_mat>
                      <material>
                        <mattext texttype="text/html">&lt;math xmlns="http://www.w3.org/1998/Math/MathML">&lt;mrow>&lt;mstyle displaystyle="true">&lt;mstyle displaystyle="true">&lt;mo>&amp;int;&lt;/mo>&lt;/mstyle>&lt;mi>x&lt;/mi>&lt;mi>sin&lt;/mi>&lt;msup>&lt;mi>x&lt;/mi>&lt;mn>2&lt;/mn>&lt;/msup>&lt;mi>&amp;nbsp;&lt;/mi>&lt;mi>d&lt;/mi>&lt;mi>x&lt;/mi>&lt;/mstyle>&lt;/mrow>&lt;/math>

</mattext>
                      </material>
                    </flow_mat>
                  </response_label>
                </flow_label>
                <flow_label class="Block">
                  <response_label ident="Week05_QUES_2_ANS_2">
                    <flow_mat>
                      <material>
                        <mattext texttype="text/html">&lt;math xmlns="http://www.w3.org/1998/Math/MathML">&lt;mrow>&lt;mstyle displaystyle="true">&lt;mstyle displaystyle="true">&lt;mo>&amp;int;&lt;/mo>&lt;/mstyle>&lt;msup>&lt;mi>x&lt;/mi>&lt;mn>2&lt;/mn>&lt;/msup>&lt;mi>sin&lt;/mi>&lt;mi>x&lt;/mi>&lt;mi>&amp;nbsp;&lt;/mi>&lt;mi>d&lt;/mi>&lt;mi>x&lt;/mi>&lt;/mstyle>&lt;/mrow>&lt;/math>

</mattext>
                      </material>
                    </flow_mat>
                  </response_label>
                </flow_label>
                <flow_label class="Block">
                  <response_label ident="Week05_QUES_2_ANS_3">
                    <flow_mat>
                      <material>
                        <mattext texttype="text/html">&lt;math xmlns="http://www.w3.org/1998/Math/MathML">&lt;mrow>&lt;mstyle displaystyle="true">&lt;mstyle displaystyle="true">&lt;mo>&amp;int;&lt;/mo>&lt;/mstyle>&lt;mi>sin&lt;/mi>&lt;msup>&lt;mi>x&lt;/mi>&lt;mn>2&lt;/mn>&lt;/msup>&lt;mi>&amp;nbsp;&lt;/mi>&lt;mi>d&lt;/mi>&lt;mi>x&lt;/mi>&lt;/mstyle>&lt;/mrow>&lt;/math>

</mattext>
                      </material>
                    </flow_mat>
                  </response_label>
                </flow_label>
              </render_choice>
            </response_lid>
          </flow>
        </presentation>
        <resprocessing>
          <respcondition title="Response Condition 1">
            <conditionvar>
              <varequal respident="Week05_Q2_LID">Week05_QUES_2_ANS_1</varequal>
            </conditionvar>
            <setvar action="Set">0</setvar>
            <displayfeedback feedbacktype="Response" linkrefid="QUES_ANSWER_1">&lt;math xmlns="http://www.w3.org/1998/Math/MathML">&lt;mrow>&lt;mstyle displaystyle="true">&lt;mstyle displaystyle="true">&lt;mo>&amp;int;&lt;/mo>&lt;/mstyle>&lt;mi>x&lt;/mi>&lt;mi>sin&lt;/mi>&lt;msup>&lt;mi>x&lt;/mi>&lt;mn>2&lt;/mn>&lt;/msup>&lt;mi>&amp;nbsp;&lt;/mi>&lt;mi>d&lt;/mi>&lt;mi>x&lt;/mi>&lt;/mstyle>&lt;/mrow>&lt;/math>

</displayfeedback>
          </respcondition>
          <respcondition title="Response Condition 2">
            <conditionvar>
              <varequal respident="Week05_Q2_LID">Week05_QUES_2_ANS_2</varequal>
            </conditionvar>
            <setvar action="Set">100</setvar>
            <displayfeedback feedbacktype="Response" linkrefid="QUES_ANSWER_2">&lt;math xmlns="http://www.w3.org/1998/Math/MathML">&lt;mrow>&lt;mstyle displaystyle="true">&lt;mstyle displaystyle="true">&lt;mo>&amp;int;&lt;/mo>&lt;/mstyle>&lt;msup>&lt;mi>x&lt;/mi>&lt;mn>2&lt;/mn>&lt;/msup>&lt;mi>sin&lt;/mi>&lt;mi>x&lt;/mi>&lt;mi>&amp;nbsp;&lt;/mi>&lt;mi>d&lt;/mi>&lt;mi>x&lt;/mi>&lt;/mstyle>&lt;/mrow>&lt;/math>

</displayfeedback>
          </respcondition>
          <respcondition title="Response Condition 3">
            <conditionvar>
              <varequal respident="Week05_Q2_LID">Week05_QUES_2_ANS_3</varequal>
            </conditionvar>
            <setvar action="Set">0</setvar>
            <displayfeedback feedbacktype="Response" linkrefid="QUES_ANSWER_3">&lt;math xmlns="http://www.w3.org/1998/Math/MathML">&lt;mrow>&lt;mstyle displaystyle="true">&lt;mstyle displaystyle="true">&lt;mo>&amp;int;&lt;/mo>&lt;/mstyle>&lt;mi>sin&lt;/mi>&lt;msup>&lt;mi>x&lt;/mi>&lt;mn>2&lt;/mn>&lt;/msup>&lt;mi>&amp;nbsp;&lt;/mi>&lt;mi>d&lt;/mi>&lt;mi>x&lt;/mi>&lt;/mstyle>&lt;/mrow>&lt;/math>

</displayfeedback>
          </respcondition>
        </resprocessing>
        <itemfeedback ident="Week05_Q2">
          <material>
            <mattext texttype="text/html">(a) can be integrated with a substitution &lt;math xmlns="http://www.w3.org/1998/Math/MathML">&lt;mrow>&lt;mi>w&lt;/mi>&lt;mo>=&lt;/mo>&lt;msup>&lt;mi>x&lt;/mi>&lt;mn>2&lt;/mn>&lt;/msup>&lt;/mrow>&lt;/math>. &lt;br /> (c) has no simple anti-derivative at all, with any method.</mattext>
          </material>
        </itemfeedback>
      </item>
      <item d2l_2p0:id="3" d2l_2p0:page="1" ident="OBJ_115255" label="Week05_Q3" title="Week05_Q3">
        <itemmetadata>
          <qtimetadata>
            <qti_metadatafield>
              <fieldlabel>qmd_computerscored</fieldlabel>
              <fieldentry>yes</fieldentry>
            </qti_metadatafield>
            <qti_metadatafield>
              <fieldlabel>qmd_questiontype</fieldlabel>
              <fieldentry>Multiple Choice</fieldentry>
            </qti_metadatafield>
            <qti_metadatafield>
              <fieldlabel>qmd_weighting</fieldlabel>
              <fieldentry>1.000000000</fieldentry>
            </qti_metadatafield>
            <qti_metadatafield>
              <fieldlabel>qmd_globalid</fieldlabel>
              <fieldentry>8c61469b-13e8-4b17-825d-7a96d1cf3bdd</fieldentry>
            </qti_metadatafield>
            <qti_metadatafield>
              <fieldlabel>qmd_displayid</fieldlabel>
              <fieldentry>MNTC_P04 2015/16 W-396</fieldentry>
            </qti_metadatafield>
          </qtimetadata>
        </itemmetadata>
        <itemproc_extension>
          <d2l_2p0:difficulty>1</d2l_2p0:difficulty>
          <d2l_2p0:isbonus>no</d2l_2p0:isbonus>
          <d2l_2p0:ismandatory>no</d2l_2p0:ismandatory>
        </itemproc_extension>
        <presentation>
          <flow>
            <material>
              <mattext texttype="text/html">For which of the following integrals is integration by parts with  &lt;br /> &lt;math xmlns="http://www.w3.org/1998/Math/MathML">&lt;mrow>&lt;mi>u&lt;/mi>&lt;mo>=&lt;/mo>&lt;mi>x&lt;/mi>&lt;/mrow>&lt;/math> and  &lt;br /> &lt;math xmlns="http://www.w3.org/1998/Math/MathML">&lt;mrow>&lt;mi>d&lt;/mi>&lt;mi>v&lt;/mi>&lt;mo>=&lt;/mo>&lt;/mrow>&lt;/math> (the rest of the integrand)  &lt;br /> a reasonable/effective choice?

</mattext>
            </material>
            <response_extension>
              <d2l_2p0:display_style>2</d2l_2p0:display_style>
              <d2l_2p0:enumeration>6</d2l_2p0:enumeration>
              <d2l_2p0:grading_type>0</d2l_2p0:grading_type>
            </response_extension>
            <response_lid ident="Week05_Q3_LID" rcardinality="Single">
              <render_choice shuffle="no">
                <flow_label class="Block">
                  <response_label ident="Week05_QUES_3_ANS_1">
                    <flow_mat>
                      <material>
                        <mattext texttype="text/html">&lt;math xmlns="http://www.w3.org/1998/Math/MathML">&lt;mrow>&lt;mstyle displaystyle="true">&lt;mi>x&lt;/mi>&lt;msup>&lt;mrow>&lt;mo form="prefix">(&lt;/mo>&lt;mi>ln&lt;/mi>&lt;mi>x&lt;/mi>&lt;mo form="postfix">)&lt;/mo>&lt;/mrow>&lt;mn>2&lt;/mn>&lt;/msup>&lt;mi>&amp;nbsp;&lt;/mi>&lt;mi>d&lt;/mi>&lt;mi>x&lt;/mi>&lt;/mstyle>&lt;/mrow>&lt;/math>

</mattext>
                      </material>
                    </flow_mat>
                  </response_label>
                </flow_label>
                <flow_label class="Block">
                  <response_label ident="Week05_QUES_3_ANS_2">
                    <flow_mat>
                      <material>
                        <mattext texttype="text/html">&lt;math xmlns="http://www.w3.org/1998/Math/MathML">&lt;mrow>&lt;mstyle displaystyle="true">&lt;mi>x&lt;/mi>&lt;msup>&lt;mi>e&lt;/mi>&lt;mrow>&lt;msup>&lt;mi>x&lt;/mi>&lt;mn>3&lt;/mn>&lt;/msup>&lt;/mrow>&lt;/msup>&lt;mi>&amp;nbsp;&lt;/mi>&lt;mi>d&lt;/mi>&lt;mi>x&lt;/mi>&lt;/mstyle>&lt;/mrow>&lt;/math>

</mattext>
                      </material>
                    </flow_mat>
                  </response_label>
                </flow_label>
                <flow_label class="Block">
                  <response_label ident="Week05_QUES_3_ANS_3">
                    <flow_mat>
                      <material>
                        <mattext texttype="text/html">&lt;math xmlns="http://www.w3.org/1998/Math/MathML">&lt;mrow>&lt;mstyle displaystyle="true">&lt;mi>x&lt;/mi>&lt;mi>sin&lt;/mi>&lt;mrow>&lt;mo form="prefix">(&lt;/mo>&lt;mi>x&lt;/mi>&lt;mo form="postfix">)&lt;/mo>&lt;/mrow>&lt;mi>&amp;nbsp;&lt;/mi>&lt;mi>d&lt;/mi>&lt;mi>x&lt;/mi>&lt;/mstyle>&lt;/mrow>&lt;/math>

</mattext>
                      </material>
                    </flow_mat>
                  </response_label>
                </flow_label>
                <flow_label class="Block">
                  <response_label ident="Week05_QUES_3_ANS_4">
                    <flow_mat>
                      <material>
                        <mattext texttype="text/html">&lt;math xmlns="http://www.w3.org/1998/Math/MathML">&lt;mrow>&lt;mstyle displaystyle="true">&lt;mfrac linethickness="1">&lt;mi>x&lt;/mi>&lt;mrow>&lt;mi>ln&lt;/mi>&lt;mo form="prefix">(&lt;/mo>&lt;mi>x&lt;/mi>&lt;mo form="postfix">)&lt;/mo>&lt;/mrow>&lt;/mfrac>&lt;mi>&amp;nbsp;&lt;/mi>&lt;mi>d&lt;/mi>&lt;mi>x&lt;/mi>&lt;/mstyle>&lt;/mrow>&lt;/math>

</mattext>
                      </material>
                    </flow_mat>
                  </response_label>
                </flow_label>
              </render_choice>
            </response_lid>
          </flow>
        </presentation>
        <resprocessing>
          <respcondition title="Response Condition 1">
            <conditionvar>
              <varequal respident="Week05_Q3_LID">Week05_QUES_3_ANS_1</varequal>
            </conditionvar>
            <setvar action="Set">0</setvar>
            <displayfeedback feedbacktype="Response" linkrefid="QUES_ANSWER_1">&lt;math xmlns="http://www.w3.org/1998/Math/MathML">&lt;mrow>&lt;mstyle displaystyle="true">&lt;mi>x&lt;/mi>&lt;msup>&lt;mrow>&lt;mo form="prefix">(&lt;/mo>&lt;mi>ln&lt;/mi>&lt;mi>x&lt;/mi>&lt;mo form="postfix">)&lt;/mo>&lt;/mrow>&lt;mn>2&lt;/mn>&lt;/msup>&lt;mi>&amp;nbsp;&lt;/mi>&lt;mi>d&lt;/mi>&lt;mi>x&lt;/mi>&lt;/mstyle>&lt;/mrow>&lt;/math>

</displayfeedback>
          </respcondition>
          <respcondition title="Response Condition 2">
            <conditionvar>
              <varequal respident="Week05_Q3_LID">Week05_QUES_3_ANS_2</varequal>
            </conditionvar>
            <setvar action="Set">0</setvar>
            <displayfeedback feedbacktype="Response" linkrefid="QUES_ANSWER_2">&lt;math xmlns="http://www.w3.org/1998/Math/MathML">&lt;mrow>&lt;mstyle displaystyle="true">&lt;mi>x&lt;/mi>&lt;msup>&lt;mi>e&lt;/mi>&lt;mrow>&lt;msup>&lt;mi>x&lt;/mi>&lt;mn>3&lt;/mn>&lt;/msup>&lt;/mrow>&lt;/msup>&lt;mi>&amp;nbsp;&lt;/mi>&lt;mi>d&lt;/mi>&lt;mi>x&lt;/mi>&lt;/mstyle>&lt;/mrow>&lt;/math>

</displayfeedback>
          </respcondition>
          <respcondition title="Response Condition 3">
            <conditionvar>
              <varequal respident="Week05_Q3_LID">Week05_QUES_3_ANS_3</varequal>
            </conditionvar>
            <setvar action="Set">100</setvar>
            <displayfeedback feedbacktype="Response" linkrefid="QUES_ANSWER_3">&lt;math xmlns="http://www.w3.org/1998/Math/MathML">&lt;mrow>&lt;mstyle displaystyle="true">&lt;mi>x&lt;/mi>&lt;mi>sin&lt;/mi>&lt;mrow>&lt;mo form="prefix">(&lt;/mo>&lt;mi>x&lt;/mi>&lt;mo form="postfix">)&lt;/mo>&lt;/mrow>&lt;mi>&amp;nbsp;&lt;/mi>&lt;mi>d&lt;/mi>&lt;mi>x&lt;/mi>&lt;/mstyle>&lt;/mrow>&lt;/math>

</displayfeedback>
          </respcondition>
          <respcondition title="Response Condition 4">
            <conditionvar>
              <varequal respident="Week05_Q3_LID">Week05_QUES_3_ANS_4</varequal>
            </conditionvar>
            <setvar action="Set">0</setvar>
            <displayfeedback feedbacktype="Response" linkrefid="QUES_ANSWER_4">&lt;math xmlns="http://www.w3.org/1998/Math/MathML">&lt;mrow>&lt;mstyle displaystyle="true">&lt;mfrac linethickness="1">&lt;mi>x&lt;/mi>&lt;mrow>&lt;mi>ln&lt;/mi>&lt;mo form="prefix">(&lt;/mo>&lt;mi>x&lt;/mi>&lt;mo form="postfix">)&lt;/mo>&lt;/mrow>&lt;/mfrac>&lt;mi>&amp;nbsp;&lt;/mi>&lt;mi>d&lt;/mi>&lt;mi>x&lt;/mi>&lt;/mstyle>&lt;/mrow>&lt;/math>

</displayfeedback>
          </respcondition>
        </resprocessing>
        <itemfeedback ident="Week05_Q3">
          <material>
            <mattext texttype="text/html">Check the value of &lt;math xmlns="http://www.w3.org/1998/Math/MathML">&lt;mrow>&lt;mi>d&lt;/mi>&lt;mi>v&lt;/mi>&lt;/mrow>&lt;/math>, and ask whether you are able to integrate it by itself.   If the answer is "no", then that choice of &lt;math xmlns="http://www.w3.org/1998/Math/MathML">&lt;mrow>&lt;mi>d&lt;/mi>&lt;mi>v&lt;/mi>&lt;/mrow>&lt;/math> won't help much when using integration by parts.</mattext>
          </material>
        </itemfeedback>
      </item>
    </section>
  </objectbank>
</questestinterop>
