<?xml version="1.0" encoding="UTF-8"?>
<questestinterop>
  <objectbank ident="QLIB_50893" xmlns:d2l_2p0="http://desire2learn.com/xsd/d2lcp_v2p0">
    <section d2l_2p0:id="2" ident="SECT_119460" title="Week04">
      <sectionproc_extension>
        <d2l_2p0:display_section_name>no</d2l_2p0:display_section_name>
        <d2l_2p0:display_section_line>no</d2l_2p0:display_section_line>
        <d2l_2p0:type_display_section>0</d2l_2p0:type_display_section>
      </sectionproc_extension>
      <item d2l_2p0:id="3" d2l_2p0:page="1" ident="OBJ_115255" label="Week04_Q1" title="Week04_Q1">
        <itemmetadata>
          <qtimetadata>
            <qti_metadatafield>
              <fieldlabel>qmd_computerscored</fieldlabel>
              <fieldentry>yes</fieldentry>
            </qti_metadatafield>
            <qti_metadatafield>
              <fieldlabel>qmd_questiontype</fieldlabel>
              <fieldentry>Multiple Choice</fieldentry>
            </qti_metadatafield>
            <qti_metadatafield>
              <fieldlabel>qmd_weighting</fieldlabel>
              <fieldentry>1.000000000</fieldentry>
            </qti_metadatafield>
            <qti_metadatafield>
              <fieldlabel>qmd_globalid</fieldlabel>
              <fieldentry>8c61469b-13e8-4b17-825d-7a96d1cf3bdd</fieldentry>
            </qti_metadatafield>
            <qti_metadatafield>
              <fieldlabel>qmd_displayid</fieldlabel>
              <fieldentry>MNTC_P04 2015/16 W-396</fieldentry>
            </qti_metadatafield>
          </qtimetadata>
        </itemmetadata>
        <itemproc_extension>
          <d2l_2p0:difficulty>1</d2l_2p0:difficulty>
          <d2l_2p0:isbonus>no</d2l_2p0:isbonus>
          <d2l_2p0:ismandatory>no</d2l_2p0:ismandatory>
        </itemproc_extension>
        <presentation>
          <flow>
            <material>
              <mattext texttype="text/html">A rocket travels at velocity given by &lt;math xmlns="http://www.w3.org/1998/Math/MathML">&lt;mrow>&lt;mi>v&lt;/mi>&lt;mrow>&lt;mo form="prefix">(&lt;/mo>&lt;mi>t&lt;/mi>&lt;mo form="postfix">)&lt;/mo>&lt;/mrow>&lt;/mrow>&lt;/math>, and is always accelerating (speeding up).   Let &lt;math xmlns="http://www.w3.org/1998/Math/MathML">&lt;mrow>&lt;mi>v&lt;/mi>&lt;/mrow>&lt;/math> be measured in m/s, and time &lt;math xmlns="http://www.w3.org/1998/Math/MathML">&lt;mrow>&lt;mi>t&lt;/mi>&lt;/mrow>&lt;/math> in seconds. &lt;p> Which of the following would be the most accurate overestimate of the distance traveled by the rocket in the first two seconds of flight?  (&lt;math xmlns="http://www.w3.org/1998/Math/MathML">&lt;mrow>&lt;mi>t&lt;/mi>&lt;mo>=&lt;/mo>&lt;mn>0&lt;/mn>&lt;/mrow>&lt;/math> is launch time.)

</mattext>
            </material>
            <response_extension>
              <d2l_2p0:display_style>2</d2l_2p0:display_style>
              <d2l_2p0:enumeration>6</d2l_2p0:enumeration>
              <d2l_2p0:grading_type>0</d2l_2p0:grading_type>
            </response_extension>
            <response_lid ident="Week04_Q1_LID" rcardinality="Single">
              <render_choice shuffle="no">
                <flow_label class="Block">
                  <response_label ident="Week04_QUES_1_ANS_1">
                    <flow_mat>
                      <material>
                        <mattext texttype="text/html">&lt;math xmlns="http://www.w3.org/1998/Math/MathML">&lt;mrow>&lt;mn>2&lt;/mn>&lt;mi>v&lt;/mi>&lt;mrow>&lt;mo form="prefix">(&lt;/mo>&lt;mn>0&lt;/mn>&lt;mo form="postfix">)&lt;/mo>&lt;/mrow>&lt;/mrow>&lt;/math>

</mattext>
                      </material>
                    </flow_mat>
                  </response_label>
                </flow_label>
                <flow_label class="Block">
                  <response_label ident="Week04_QUES_1_ANS_2">
                    <flow_mat>
                      <material>
                        <mattext texttype="text/html">&lt;math xmlns="http://www.w3.org/1998/Math/MathML">&lt;mrow>&lt;mi>v&lt;/mi>&lt;mrow>&lt;mo form="prefix">(&lt;/mo>&lt;mn>0&lt;/mn>&lt;mo form="postfix">)&lt;/mo>&lt;/mrow>&lt;mo>+&lt;/mo>&lt;mi>v&lt;/mi>&lt;mrow>&lt;mo form="prefix">(&lt;/mo>&lt;mn>1&lt;/mn>&lt;mo form="postfix">)&lt;/mo>&lt;/mrow>&lt;/mrow>&lt;/math>

</mattext>
                      </material>
                    </flow_mat>
                  </response_label>
                </flow_label>
                <flow_label class="Block">
                  <response_label ident="Week04_QUES_1_ANS_3">
                    <flow_mat>
                      <material>
                        <mattext texttype="text/html">&lt;math xmlns="http://www.w3.org/1998/Math/MathML">&lt;mrow>&lt;mi>v&lt;/mi>&lt;mrow>&lt;mo form="prefix">(&lt;/mo>&lt;mn>0&lt;/mn>&lt;mo form="postfix">)&lt;/mo>&lt;/mrow>&lt;mo>+&lt;/mo>&lt;mi>v&lt;/mi>&lt;mrow>&lt;mo form="prefix">(&lt;/mo>&lt;mn>1&lt;/mn>&lt;mo form="postfix">)&lt;/mo>&lt;/mrow>&lt;mo>+&lt;/mo>&lt;mi>v&lt;/mi>&lt;mrow>&lt;mo form="prefix">(&lt;/mo>&lt;mn>2&lt;/mn>&lt;mo form="postfix">)&lt;/mo>&lt;/mrow>&lt;/mrow>&lt;/math>

</mattext>
                      </material>
                    </flow_mat>
                  </response_label>
                </flow_label>
                <flow_label class="Block">
                  <response_label ident="Week04_QUES_1_ANS_4">
                    <flow_mat>
                      <material>
                        <mattext texttype="text/html">&lt;math xmlns="http://www.w3.org/1998/Math/MathML">&lt;mrow>&lt;mi>v&lt;/mi>&lt;mrow>&lt;mo form="prefix">(&lt;/mo>&lt;mn>1&lt;/mn>&lt;mo form="postfix">)&lt;/mo>&lt;/mrow>&lt;mo>+&lt;/mo>&lt;mi>v&lt;/mi>&lt;mrow>&lt;mo form="prefix">(&lt;/mo>&lt;mn>2&lt;/mn>&lt;mo form="postfix">)&lt;/mo>&lt;/mrow>&lt;/mrow>&lt;/math>

</mattext>
                      </material>
                    </flow_mat>
                  </response_label>
                </flow_label>
                <flow_label class="Block">
                  <response_label ident="Week04_QUES_1_ANS_5">
                    <flow_mat>
                      <material>
                        <mattext texttype="text/html">&lt;math xmlns="http://www.w3.org/1998/Math/MathML">&lt;mrow>&lt;mn>2&lt;/mn>&lt;mi>v&lt;/mi>&lt;mrow>&lt;mo form="prefix">(&lt;/mo>&lt;mn>2&lt;/mn>&lt;mo form="postfix">)&lt;/mo>&lt;/mrow>&lt;/mrow>&lt;/math>

</mattext>
                      </material>
                    </flow_mat>
                  </response_label>
                </flow_label>
              </render_choice>
            </response_lid>
          </flow>
        </presentation>
        <resprocessing>
          <respcondition title="Response Condition 1">
            <conditionvar>
              <varequal respident="Week04_Q1_LID">Week04_QUES_1_ANS_1</varequal>
            </conditionvar>
            <setvar action="Set">0</setvar>
            <displayfeedback feedbacktype="Response" linkrefid="QUES_ANSWER_1">&lt;math xmlns="http://www.w3.org/1998/Math/MathML">&lt;mrow>&lt;mn>2&lt;/mn>&lt;mi>v&lt;/mi>&lt;mrow>&lt;mo form="prefix">(&lt;/mo>&lt;mn>0&lt;/mn>&lt;mo form="postfix">)&lt;/mo>&lt;/mrow>&lt;/mrow>&lt;/math>

</displayfeedback>
          </respcondition>
          <respcondition title="Response Condition 2">
            <conditionvar>
              <varequal respident="Week04_Q1_LID">Week04_QUES_1_ANS_2</varequal>
            </conditionvar>
            <setvar action="Set">0</setvar>
            <displayfeedback feedbacktype="Response" linkrefid="QUES_ANSWER_2">&lt;math xmlns="http://www.w3.org/1998/Math/MathML">&lt;mrow>&lt;mi>v&lt;/mi>&lt;mrow>&lt;mo form="prefix">(&lt;/mo>&lt;mn>0&lt;/mn>&lt;mo form="postfix">)&lt;/mo>&lt;/mrow>&lt;mo>+&lt;/mo>&lt;mi>v&lt;/mi>&lt;mrow>&lt;mo form="prefix">(&lt;/mo>&lt;mn>1&lt;/mn>&lt;mo form="postfix">)&lt;/mo>&lt;/mrow>&lt;/mrow>&lt;/math>

</displayfeedback>
          </respcondition>
          <respcondition title="Response Condition 3">
            <conditionvar>
              <varequal respident="Week04_Q1_LID">Week04_QUES_1_ANS_3</varequal>
            </conditionvar>
            <setvar action="Set">0</setvar>
            <displayfeedback feedbacktype="Response" linkrefid="QUES_ANSWER_3">&lt;math xmlns="http://www.w3.org/1998/Math/MathML">&lt;mrow>&lt;mi>v&lt;/mi>&lt;mrow>&lt;mo form="prefix">(&lt;/mo>&lt;mn>0&lt;/mn>&lt;mo form="postfix">)&lt;/mo>&lt;/mrow>&lt;mo>+&lt;/mo>&lt;mi>v&lt;/mi>&lt;mrow>&lt;mo form="prefix">(&lt;/mo>&lt;mn>1&lt;/mn>&lt;mo form="postfix">)&lt;/mo>&lt;/mrow>&lt;mo>+&lt;/mo>&lt;mi>v&lt;/mi>&lt;mrow>&lt;mo form="prefix">(&lt;/mo>&lt;mn>2&lt;/mn>&lt;mo form="postfix">)&lt;/mo>&lt;/mrow>&lt;/mrow>&lt;/math>

</displayfeedback>
          </respcondition>
          <respcondition title="Response Condition 4">
            <conditionvar>
              <varequal respident="Week04_Q1_LID">Week04_QUES_1_ANS_4</varequal>
            </conditionvar>
            <setvar action="Set">100</setvar>
            <displayfeedback feedbacktype="Response" linkrefid="QUES_ANSWER_4">&lt;math xmlns="http://www.w3.org/1998/Math/MathML">&lt;mrow>&lt;mi>v&lt;/mi>&lt;mrow>&lt;mo form="prefix">(&lt;/mo>&lt;mn>1&lt;/mn>&lt;mo form="postfix">)&lt;/mo>&lt;/mrow>&lt;mo>+&lt;/mo>&lt;mi>v&lt;/mi>&lt;mrow>&lt;mo form="prefix">(&lt;/mo>&lt;mn>2&lt;/mn>&lt;mo form="postfix">)&lt;/mo>&lt;/mrow>&lt;/mrow>&lt;/math>

</displayfeedback>
          </respcondition>
          <respcondition title="Response Condition 5">
            <conditionvar>
              <varequal respident="Week04_Q1_LID">Week04_QUES_1_ANS_5</varequal>
            </conditionvar>
            <setvar action="Set">0</setvar>
            <displayfeedback feedbacktype="Response" linkrefid="QUES_ANSWER_5">&lt;math xmlns="http://www.w3.org/1998/Math/MathML">&lt;mrow>&lt;mn>2&lt;/mn>&lt;mi>v&lt;/mi>&lt;mrow>&lt;mo form="prefix">(&lt;/mo>&lt;mn>2&lt;/mn>&lt;mo form="postfix">)&lt;/mo>&lt;/mrow>&lt;/mrow>&lt;/math>

</displayfeedback>
          </respcondition>
        </resprocessing>
        <itemfeedback ident="Week04_Q1">
          <material>
            <mattext texttype="text/html">If the rocket is speeding up, then the highest velocity occurs at the &lt;b>end&lt;/b> of each interval, so  &lt;br /> distance traveled between &lt;math xmlns="http://www.w3.org/1998/Math/MathML">&lt;mrow>&lt;mi>t&lt;/mi>&lt;mo>=&lt;/mo>&lt;mn>0&lt;/mn>&lt;/mrow>&lt;/math> and &lt;math xmlns="http://www.w3.org/1998/Math/MathML">&lt;mrow>&lt;mi>t&lt;/mi>&lt;mo>=&lt;/mo>&lt;mn>1&lt;/mn>&lt;mo>&amp;lt;&lt;/mo>&lt;mrow>&lt;mo form="prefix">[&lt;/mo>&lt;mi>v&lt;/mi>&lt;mrow>&lt;mo form="prefix">(&lt;/mo>&lt;mn>1&lt;/mn>&lt;mo form="postfix">)&lt;/mo>&lt;/mrow>&lt;mtext> m&amp;sol;s&lt;/mtext>&lt;mo form="postfix">]&lt;/mo>&lt;/mrow>&lt;mo>&amp;times;&lt;/mo>&lt;mrow>&lt;mo form="prefix">[&lt;/mo>&lt;mn>1&lt;/mn>&lt;mtext> s&lt;/mtext>&lt;mo form="postfix">]&lt;/mo>&lt;/mrow>&lt;mo>=&lt;/mo>&lt;mi>v&lt;/mi>&lt;mrow>&lt;mo form="prefix">(&lt;/mo>&lt;mn>1&lt;/mn>&lt;mo form="postfix">)&lt;/mo>&lt;/mrow>&lt;/mrow>&lt;/math> m &lt;br /> distance traveled between &lt;math xmlns="http://www.w3.org/1998/Math/MathML">&lt;mrow>&lt;mi>t&lt;/mi>&lt;mo>=&lt;/mo>&lt;mn>1&lt;/mn>&lt;/mrow>&lt;/math> and &lt;math xmlns="http://www.w3.org/1998/Math/MathML">&lt;mrow>&lt;mi>t&lt;/mi>&lt;mo>=&lt;/mo>&lt;mn>2&lt;/mn>&lt;mo>&amp;lt;&lt;/mo>&lt;mrow>&lt;mo form="prefix">[&lt;/mo>&lt;mi>v&lt;/mi>&lt;mrow>&lt;mo form="prefix">(&lt;/mo>&lt;mn>2&lt;/mn>&lt;mo form="postfix">)&lt;/mo>&lt;/mrow>&lt;mtext> m&amp;sol;s&lt;/mtext>&lt;mo form="postfix">]&lt;/mo>&lt;/mrow>&lt;mo>&amp;times;&lt;/mo>&lt;mrow>&lt;mo form="prefix">[&lt;/mo>&lt;mn>1&lt;/mn>&lt;mtext> s&lt;/mtext>&lt;mo form="postfix">]&lt;/mo>&lt;/mrow>&lt;mo>=&lt;/mo>&lt;mi>v&lt;/mi>&lt;mrow>&lt;mo form="prefix">(&lt;/mo>&lt;mn>2&lt;/mn>&lt;mo form="postfix">)&lt;/mo>&lt;/mrow>&lt;/mrow>&lt;/math> m &lt;br /> so distance traveled between &lt;math xmlns="http://www.w3.org/1998/Math/MathML">&lt;mrow>&lt;mi>t&lt;/mi>&lt;mo>=&lt;/mo>&lt;mn>0&lt;/mn>&lt;/mrow>&lt;/math> and &lt;math xmlns="http://www.w3.org/1998/Math/MathML">&lt;mrow>&lt;mi>t&lt;/mi>&lt;mo>=&lt;/mo>&lt;mn>2&lt;/mn>&lt;mo>&amp;lt;&lt;/mo>&lt;mrow>&lt;mo form="prefix">(&lt;/mo>&lt;mi>v&lt;/mi>&lt;mo form="prefix">(&lt;/mo>&lt;mn>1&lt;/mn>&lt;mo form="postfix">)&lt;/mo>&lt;mo>+&lt;/mo>&lt;mi>v&lt;/mi>&lt;mo form="prefix">(&lt;/mo>&lt;mn>2&lt;/mn>&lt;mo form="postfix">)&lt;/mo>&lt;mo form="postfix">)&lt;/mo>&lt;/mrow>&lt;/mrow>&lt;/math> &lt;p> (Note: this assumes &lt;math xmlns="http://www.w3.org/1998/Math/MathML">&lt;mrow>&lt;mi>v&lt;/mi>&lt;mrow>&lt;mo form="prefix">(&lt;/mo>&lt;mn>0&lt;/mn>&lt;mo form="postfix">)&lt;/mo>&lt;/mrow>&lt;/mrow>&lt;/math> isn't just zero; if &lt;math xmlns="http://www.w3.org/1998/Math/MathML">&lt;mrow>&lt;mi>v&lt;/mi>&lt;mrow>&lt;mo form="prefix">(&lt;/mo>&lt;mn>0&lt;/mn>&lt;mo form="postfix">)&lt;/mo>&lt;/mrow>&lt;mo>=&lt;/mo>&lt;mn>0&lt;/mn>&lt;/mrow>&lt;/math>, we can include it in the sum too without changing anything; that misses the point of the question though! ) &lt;p> (e) is also an over-estimate of the distance, because &lt;math xmlns="http://www.w3.org/1998/Math/MathML">&lt;mrow>&lt;mi>v&lt;/mi>&lt;mrow>&lt;mo form="prefix">(&lt;/mo>&lt;mn>2&lt;/mn>&lt;mo form="postfix">)&lt;/mo>&lt;/mrow>&lt;/mrow>&lt;/math> will be the highest velocity of all on [0, 2] seconds, but it will be less accurate than the finer-grained estimate using both &lt;math xmlns="http://www.w3.org/1998/Math/MathML">&lt;mrow>&lt;mi>v&lt;/mi>&lt;mrow>&lt;mo form="prefix">(&lt;/mo>&lt;mn>1&lt;/mn>&lt;mo form="postfix">)&lt;/mo>&lt;/mrow>&lt;/mrow>&lt;/math> and &lt;math xmlns="http://www.w3.org/1998/Math/MathML">&lt;mrow>&lt;mi>v&lt;/mi>&lt;mrow>&lt;mo form="prefix">(&lt;/mo>&lt;mn>2&lt;/mn>&lt;mo form="postfix">)&lt;/mo>&lt;/mrow>&lt;/mrow>&lt;/math>.</mattext>
          </material>
        </itemfeedback>
      </item>
      <item d2l_2p0:id="3" d2l_2p0:page="1" ident="OBJ_115255" label="Week04_Q2" title="Week04_Q2">
        <itemmetadata>
          <qtimetadata>
            <qti_metadatafield>
              <fieldlabel>qmd_computerscored</fieldlabel>
              <fieldentry>yes</fieldentry>
            </qti_metadatafield>
            <qti_metadatafield>
              <fieldlabel>qmd_questiontype</fieldlabel>
              <fieldentry>Multiple Choice</fieldentry>
            </qti_metadatafield>
            <qti_metadatafield>
              <fieldlabel>qmd_weighting</fieldlabel>
              <fieldentry>1.000000000</fieldentry>
            </qti_metadatafield>
            <qti_metadatafield>
              <fieldlabel>qmd_globalid</fieldlabel>
              <fieldentry>8c61469b-13e8-4b17-825d-7a96d1cf3bdd</fieldentry>
            </qti_metadatafield>
            <qti_metadatafield>
              <fieldlabel>qmd_displayid</fieldlabel>
              <fieldentry>MNTC_P04 2015/16 W-396</fieldentry>
            </qti_metadatafield>
          </qtimetadata>
        </itemmetadata>
        <itemproc_extension>
          <d2l_2p0:difficulty>1</d2l_2p0:difficulty>
          <d2l_2p0:isbonus>no</d2l_2p0:isbonus>
          <d2l_2p0:ismandatory>no</d2l_2p0:ismandatory>
        </itemproc_extension>
        <presentation>
          <flow>
            <material>
              <mattext texttype="text/html">The table below gives a car's velocity at time &lt;math xmlns="http://www.w3.org/1998/Math/MathML">&lt;mrow>&lt;mi>t&lt;/mi>&lt;/mrow>&lt;/math>.   &lt;br /> &lt;img src="http://www.mast.queensu.ca/~apsc171/MNTCP01/CheckIns/Week04/Question2_VelocityTable.png" alt="Graphs" width="400px" /> &lt;br /> Between the speeds shown, the car is either always speeding up or always slowing down.   &lt;br /> The car's route is a straight line with four towns on it: &lt;br /> Town 1 - 60 km from starting point &lt;br /> Town 2 - 70 km from the starting point,  &lt;br /> Town 3 - 73 km from the starting point,  &lt;br /> Town 4 - 80 km from the starting point.   &lt;p> At the end of the hour, based on the information given, which  scenario below is possible? &lt;br /> &lt;img src="http://www.mast.queensu.ca/~apsc171/MNTCP01/CheckIns/Week04/Question2_AnswerTable.png" alt="Graphs" width="500px" />

</mattext>
            </material>
            <response_extension>
              <d2l_2p0:display_style>2</d2l_2p0:display_style>
              <d2l_2p0:enumeration>6</d2l_2p0:enumeration>
              <d2l_2p0:grading_type>0</d2l_2p0:grading_type>
            </response_extension>
            <response_lid ident="Week04_Q2_LID" rcardinality="Single">
              <render_choice shuffle="no">
                <flow_label class="Block">
                  <response_label ident="Week04_QUES_2_ANS_1">
                    <flow_mat>
                      <material>
                        <mattext texttype="text/html">(a)</mattext>
                      </material>
                    </flow_mat>
                  </response_label>
                </flow_label>
                <flow_label class="Block">
                  <response_label ident="Week04_QUES_2_ANS_2">
                    <flow_mat>
                      <material>
                        <mattext texttype="text/html">(b)</mattext>
                      </material>
                    </flow_mat>
                  </response_label>
                </flow_label>
                <flow_label class="Block">
                  <response_label ident="Week04_QUES_2_ANS_3">
                    <flow_mat>
                      <material>
                        <mattext texttype="text/html">(c)</mattext>
                      </material>
                    </flow_mat>
                  </response_label>
                </flow_label>
                <flow_label class="Block">
                  <response_label ident="Week04_QUES_2_ANS_4">
                    <flow_mat>
                      <material>
                        <mattext texttype="text/html">(d)</mattext>
                      </material>
                    </flow_mat>
                  </response_label>
                </flow_label>
              </render_choice>
            </response_lid>
          </flow>
        </presentation>
        <resprocessing>
          <respcondition title="Response Condition 1">
            <conditionvar>
              <varequal respident="Week04_Q2_LID">Week04_QUES_2_ANS_1</varequal>
            </conditionvar>
            <setvar action="Set">0</setvar>
            <displayfeedback feedbacktype="Response" linkrefid="QUES_ANSWER_1">(a)</displayfeedback>
          </respcondition>
          <respcondition title="Response Condition 2">
            <conditionvar>
              <varequal respident="Week04_Q2_LID">Week04_QUES_2_ANS_2</varequal>
            </conditionvar>
            <setvar action="Set">0</setvar>
            <displayfeedback feedbacktype="Response" linkrefid="QUES_ANSWER_2">(b)</displayfeedback>
          </respcondition>
          <respcondition title="Response Condition 3">
            <conditionvar>
              <varequal respident="Week04_Q2_LID">Week04_QUES_2_ANS_3</varequal>
            </conditionvar>
            <setvar action="Set">100</setvar>
            <displayfeedback feedbacktype="Response" linkrefid="QUES_ANSWER_3">(c)</displayfeedback>
          </respcondition>
          <respcondition title="Response Condition 4">
            <conditionvar>
              <varequal respident="Week04_Q2_LID">Week04_QUES_2_ANS_4</varequal>
            </conditionvar>
            <setvar action="Set">0</setvar>
            <displayfeedback feedbacktype="Response" linkrefid="QUES_ANSWER_4">(d)</displayfeedback>
          </respcondition>
        </resprocessing>
        <itemfeedback ident="Week04_Q2">
          <material>
            <mattext texttype="text/html"> Minimum distance, taking the slowest speed on each interval &lt;br /> = (60 + 72 + 72 + 65 km/h) (1/4 h) = 67.25 km &lt;br /> Max distance, taking the fastest speed on each interval &lt;br /> = (75 + 75 + 78 + 78 km/h) (1/4 h) = 76.5 km &lt;br /> Town 1 (60 km) is definitely passed; Town 4 (80 km) is definitely NOT passed.  From the measurements given, we can't say whether Town 2 or 3 was passed yet. </mattext>
          </material>
        </itemfeedback>
      </item>
      <item d2l_2p0:id="3" d2l_2p0:page="1" ident="OBJ_115255" label="Week04_Q3" title="Week04_Q3">
        <itemmetadata>
          <qtimetadata>
            <qti_metadatafield>
              <fieldlabel>qmd_computerscored</fieldlabel>
              <fieldentry>yes</fieldentry>
            </qti_metadatafield>
            <qti_metadatafield>
              <fieldlabel>qmd_questiontype</fieldlabel>
              <fieldentry>Multiple Choice</fieldentry>
            </qti_metadatafield>
            <qti_metadatafield>
              <fieldlabel>qmd_weighting</fieldlabel>
              <fieldentry>1.000000000</fieldentry>
            </qti_metadatafield>
            <qti_metadatafield>
              <fieldlabel>qmd_globalid</fieldlabel>
              <fieldentry>8c61469b-13e8-4b17-825d-7a96d1cf3bdd</fieldentry>
            </qti_metadatafield>
            <qti_metadatafield>
              <fieldlabel>qmd_displayid</fieldlabel>
              <fieldentry>MNTC_P04 2015/16 W-396</fieldentry>
            </qti_metadatafield>
          </qtimetadata>
        </itemmetadata>
        <itemproc_extension>
          <d2l_2p0:difficulty>1</d2l_2p0:difficulty>
          <d2l_2p0:isbonus>no</d2l_2p0:isbonus>
          <d2l_2p0:ismandatory>no</d2l_2p0:ismandatory>
        </itemproc_extension>
        <presentation>
          <flow>
            <material>
              <mattext texttype="text/html">If the function &lt;math xmlns="http://www.w3.org/1998/Math/MathML">&lt;mrow>&lt;mi>f&lt;/mi>&lt;mrow>&lt;mo form="prefix">(&lt;/mo>&lt;mi>t&lt;/mi>&lt;mo form="postfix">)&lt;/mo>&lt;/mrow>&lt;/mrow>&lt;/math> represents the ore production rate for a mine, in tons/hour, and &lt;math xmlns="http://www.w3.org/1998/Math/MathML">&lt;mrow>&lt;mi>t&lt;/mi>&lt;/mrow>&lt;/math> is measured in hours, then what does the integral &lt;math xmlns="http://www.w3.org/1998/Math/MathML">&lt;mrow>&lt;mstyle displaystyle="true">&lt;mstyle displaystyle="true">&lt;munderover>&lt;mo>&amp;int;&lt;/mo>&lt;mn>0&lt;/mn>&lt;mn>48&lt;/mn>&lt;/munderover>&lt;/mstyle>&lt;mi>f&lt;/mi>&lt;mrow>&lt;mo form="prefix">(&lt;/mo>&lt;mi>t&lt;/mi>&lt;mo form="postfix">)&lt;/mo>&lt;/mrow>&lt;mi>&amp;nbsp;&lt;/mi>&lt;mi>d&lt;/mi>&lt;mi>t&lt;/mi>&lt;/mstyle>&lt;/mrow>&lt;/math> represent?

</mattext>
            </material>
            <response_extension>
              <d2l_2p0:display_style>2</d2l_2p0:display_style>
              <d2l_2p0:enumeration>6</d2l_2p0:enumeration>
              <d2l_2p0:grading_type>0</d2l_2p0:grading_type>
            </response_extension>
            <response_lid ident="Week04_Q3_LID" rcardinality="Single">
              <render_choice shuffle="no">
                <flow_label class="Block">
                  <response_label ident="Week04_QUES_3_ANS_1">
                    <flow_mat>
                      <material>
                        <mattext texttype="text/html">The average rate of ore production over the 48 hours of &lt;math xmlns="http://www.w3.org/1998/Math/MathML">&lt;mrow>&lt;mi>t&lt;/mi>&lt;mo>=&lt;/mo>&lt;mn>0&lt;/mn>&lt;mo>&amp;hellip;&lt;/mo>&lt;mn>48&lt;/mn>&lt;/mrow>&lt;/math>.

</mattext>
                      </material>
                    </flow_mat>
                  </response_label>
                </flow_label>
                <flow_label class="Block">
                  <response_label ident="Week04_QUES_3_ANS_2">
                    <flow_mat>
                      <material>
                        <mattext texttype="text/html">The net amount of ore production over the 48 hours of &lt;math xmlns="http://www.w3.org/1998/Math/MathML">&lt;mrow>&lt;mi>t&lt;/mi>&lt;mo>=&lt;/mo>&lt;mn>0&lt;/mn>&lt;mo>&amp;hellip;&lt;/mo>&lt;mn>48&lt;/mn>&lt;/mrow>&lt;/math>.

</mattext>
                      </material>
                    </flow_mat>
                  </response_label>
                </flow_label>
                <flow_label class="Block">
                  <response_label ident="Week04_QUES_3_ANS_3">
                    <flow_mat>
                      <material>
                        <mattext texttype="text/html">The total time used for ore production over the 48 hours of &lt;math xmlns="http://www.w3.org/1998/Math/MathML">&lt;mrow>&lt;mi>t&lt;/mi>&lt;mo>=&lt;/mo>&lt;mn>0&lt;/mn>&lt;mo>&amp;hellip;&lt;/mo>&lt;mn>48&lt;/mn>&lt;/mrow>&lt;/math>.

</mattext>
                      </material>
                    </flow_mat>
                  </response_label>
                </flow_label>
              </render_choice>
            </response_lid>
          </flow>
        </presentation>
        <resprocessing>
          <respcondition title="Response Condition 1">
            <conditionvar>
              <varequal respident="Week04_Q3_LID">Week04_QUES_3_ANS_1</varequal>
            </conditionvar>
            <setvar action="Set">0</setvar>
            <displayfeedback feedbacktype="Response" linkrefid="QUES_ANSWER_1">The average rate of ore production over the 48 hours of &lt;math xmlns="http://www.w3.org/1998/Math/MathML">&lt;mrow>&lt;mi>t&lt;/mi>&lt;mo>=&lt;/mo>&lt;mn>0&lt;/mn>&lt;mo>&amp;hellip;&lt;/mo>&lt;mn>48&lt;/mn>&lt;/mrow>&lt;/math>.

</displayfeedback>
          </respcondition>
          <respcondition title="Response Condition 2">
            <conditionvar>
              <varequal respident="Week04_Q3_LID">Week04_QUES_3_ANS_2</varequal>
            </conditionvar>
            <setvar action="Set">100</setvar>
            <displayfeedback feedbacktype="Response" linkrefid="QUES_ANSWER_2">The net amount of ore production over the 48 hours of &lt;math xmlns="http://www.w3.org/1998/Math/MathML">&lt;mrow>&lt;mi>t&lt;/mi>&lt;mo>=&lt;/mo>&lt;mn>0&lt;/mn>&lt;mo>&amp;hellip;&lt;/mo>&lt;mn>48&lt;/mn>&lt;/mrow>&lt;/math>.

</displayfeedback>
          </respcondition>
          <respcondition title="Response Condition 3">
            <conditionvar>
              <varequal respident="Week04_Q3_LID">Week04_QUES_3_ANS_3</varequal>
            </conditionvar>
            <setvar action="Set">0</setvar>
            <displayfeedback feedbacktype="Response" linkrefid="QUES_ANSWER_3">The total time used for ore production over the 48 hours of &lt;math xmlns="http://www.w3.org/1998/Math/MathML">&lt;mrow>&lt;mi>t&lt;/mi>&lt;mo>=&lt;/mo>&lt;mn>0&lt;/mn>&lt;mo>&amp;hellip;&lt;/mo>&lt;mn>48&lt;/mn>&lt;/mrow>&lt;/math>.

</displayfeedback>
          </respcondition>
        </resprocessing>
        <itemfeedback ident="Week04_Q3">
          <material>
            <mattext texttype="text/html">&lt;math xmlns="http://www.w3.org/1998/Math/MathML">&lt;mrow>&lt;mi>f&lt;/mi>&lt;mrow>&lt;mo form="prefix">(&lt;/mo>&lt;mi>t&lt;/mi>&lt;mo form="postfix">)&lt;/mo>&lt;/mrow>&lt;/mrow>&lt;/math> is measured in tons/hour, so the integral &lt;br /> &lt;math xmlns="http://www.w3.org/1998/Math/MathML">&lt;mrow>&lt;mstyle displaystyle="true">&lt;mstyle displaystyle="true">&lt;munderover>&lt;mo>&amp;int;&lt;/mo>&lt;mn>0&lt;/mn>&lt;mn>48&lt;/mn>&lt;/munderover>&lt;/mstyle>&lt;mi>f&lt;/mi>&lt;mrow>&lt;mo form="prefix">(&lt;/mo>&lt;mi>t&lt;/mi>&lt;mo form="postfix">)&lt;/mo>&lt;/mrow>&lt;mi>&amp;nbsp;&lt;/mi>&lt;mi>d&lt;/mi>&lt;mi>t&lt;/mi>&lt;/mstyle>&lt;/mrow>&lt;/math> represents a sum or accumulation of &lt;br /> &lt;math xmlns="http://www.w3.org/1998/Math/MathML">&lt;mrow>&lt;mi>f&lt;/mi>&lt;mrow>&lt;mo form="prefix">(&lt;/mo>&lt;mi>t&lt;/mi>&lt;mo form="postfix">)&lt;/mo>&lt;/mrow>&lt;mo>&amp;times;&lt;/mo>&lt;mi>d&lt;/mi>&lt;mi>t&lt;/mi>&lt;/mrow>&lt;/math> or (tons/hour)&lt;math xmlns="http://www.w3.org/1998/Math/MathML">&lt;mrow>&lt;mo>&amp;times;&lt;/mo>&lt;/mrow>&lt;/math>(hours) = tons of ore.</mattext>
          </material>
        </itemfeedback>
      </item>
    </section>
  </objectbank>
</questestinterop>
