<?xml version="1.0" encoding="UTF-8"?>
<questestinterop>
  <objectbank ident="QLIB_50893" xmlns:d2l_2p0="http://desire2learn.com/xsd/d2lcp_v2p0">
    <section d2l_2p0:id="2" ident="SECT_119460" title="Week10">
      <sectionproc_extension>
        <d2l_2p0:display_section_name>no</d2l_2p0:display_section_name>
        <d2l_2p0:display_section_line>no</d2l_2p0:display_section_line>
        <d2l_2p0:type_display_section>0</d2l_2p0:type_display_section>
      </sectionproc_extension>
      <item d2l_2p0:id="3" d2l_2p0:page="1" ident="OBJ_115255" label="Week10_Q1" title="Week10_Q1">
        <itemmetadata>
          <qtimetadata>
            <qti_metadatafield>
              <fieldlabel>qmd_computerscored</fieldlabel>
              <fieldentry>yes</fieldentry>
            </qti_metadatafield>
            <qti_metadatafield>
              <fieldlabel>qmd_questiontype</fieldlabel>
              <fieldentry>Multiple Choice</fieldentry>
            </qti_metadatafield>
            <qti_metadatafield>
              <fieldlabel>qmd_weighting</fieldlabel>
              <fieldentry>1.000000000</fieldentry>
            </qti_metadatafield>
            <qti_metadatafield>
              <fieldlabel>qmd_globalid</fieldlabel>
              <fieldentry>8c61469b-13e8-4b17-825d-7a96d1cf3bdd</fieldentry>
            </qti_metadatafield>
            <qti_metadatafield>
              <fieldlabel>qmd_displayid</fieldlabel>
              <fieldentry>MNTC_P04 2015/16 W-396</fieldentry>
            </qti_metadatafield>
          </qtimetadata>
        </itemmetadata>
        <itemproc_extension>
          <d2l_2p0:difficulty>1</d2l_2p0:difficulty>
          <d2l_2p0:isbonus>no</d2l_2p0:isbonus>
          <d2l_2p0:ismandatory>no</d2l_2p0:ismandatory>
        </itemproc_extension>
        <presentation>
          <flow>
            <material>
              <mattext texttype="text/html">Find the magnitude of the vector described by &lt;math xmlns="http://www.w3.org/1998/Math/MathML">&lt;mrow>&lt;mn>2&lt;/mn>&lt;mover accent="true">&lt;mi>i&lt;/mi>&lt;mo stretchy="true">&amp;xrarr;&lt;/mo>&lt;/mover>&lt;mo>-&lt;/mo>&lt;mn>3&lt;/mn>&lt;mover accent="true">&lt;mi>j&lt;/mi>&lt;mo stretchy="true">&amp;xrarr;&lt;/mo>&lt;/mover>&lt;mo>+&lt;/mo>&lt;mn>4&lt;/mn>&lt;mover accent="true">&lt;mi>k&lt;/mi>&lt;mo stretchy="true">&amp;xrarr;&lt;/mo>&lt;/mover>&lt;/mrow>&lt;/math>, and its corresponding unit vector.

</mattext>
            </material>
            <response_extension>
              <d2l_2p0:display_style>2</d2l_2p0:display_style>
              <d2l_2p0:enumeration>6</d2l_2p0:enumeration>
              <d2l_2p0:grading_type>0</d2l_2p0:grading_type>
            </response_extension>
            <response_lid ident="Week10_Q1_LID" rcardinality="Single">
              <render_choice shuffle="no">
                <flow_label class="Block">
                  <response_label ident="Week10_QUES_1_ANS_1">
                    <flow_mat>
                      <material>
                        <mattext texttype="text/html">Magnitude of &lt;math xmlns="http://www.w3.org/1998/Math/MathML">&lt;mrow>&lt;msqrt>&lt;mn>29&lt;/mn>&lt;/msqrt>&lt;/mrow>&lt;/math>, unit vector &lt;math xmlns="http://www.w3.org/1998/Math/MathML">&lt;mrow>&lt;mo form="prefix">(&lt;/mo>&lt;mfrac linethickness="1">&lt;mn>2&lt;/mn>&lt;mrow>&lt;msqrt>&lt;mn>29&lt;/mn>&lt;/msqrt>&lt;/mrow>&lt;/mfrac>&lt;mo>,&lt;/mo>&lt;mfrac linethickness="1">&lt;mn>-3&lt;/mn>&lt;mrow>&lt;msqrt>&lt;mn>29&lt;/mn>&lt;/msqrt>&lt;/mrow>&lt;/mfrac>&lt;mo>,&lt;/mo>&lt;mfrac linethickness="1">&lt;mn>4&lt;/mn>&lt;mrow>&lt;msqrt>&lt;mn>29&lt;/mn>&lt;/msqrt>&lt;/mrow>&lt;/mfrac>&lt;mo form="postfix">)&lt;/mo>&lt;/mrow>&lt;/math>

</mattext>
                      </material>
                    </flow_mat>
                  </response_label>
                </flow_label>
                <flow_label class="Block">
                  <response_label ident="Week10_QUES_1_ANS_2">
                    <flow_mat>
                      <material>
                        <mattext texttype="text/html">Magnitude of &lt;math xmlns="http://www.w3.org/1998/Math/MathML">&lt;mrow>&lt;msqrt>&lt;mn>11&lt;/mn>&lt;/msqrt>&lt;/mrow>&lt;/math>, unit vector &lt;math xmlns="http://www.w3.org/1998/Math/MathML">&lt;mrow>&lt;mo form="prefix">(&lt;/mo>&lt;mfrac linethickness="1">&lt;mn>2&lt;/mn>&lt;mrow>&lt;msqrt>&lt;mn>29&lt;/mn>&lt;/msqrt>&lt;/mrow>&lt;/mfrac>&lt;mo>,&lt;/mo>&lt;mfrac linethickness="1">&lt;mn>-3&lt;/mn>&lt;mrow>&lt;msqrt>&lt;mn>29&lt;/mn>&lt;/msqrt>&lt;/mrow>&lt;/mfrac>&lt;mo>,&lt;/mo>&lt;mfrac linethickness="1">&lt;mn>4&lt;/mn>&lt;mrow>&lt;msqrt>&lt;mn>29&lt;/mn>&lt;/msqrt>&lt;/mrow>&lt;/mfrac>&lt;mo form="postfix">)&lt;/mo>&lt;/mrow>&lt;/math>

</mattext>
                      </material>
                    </flow_mat>
                  </response_label>
                </flow_label>
                <flow_label class="Block">
                  <response_label ident="Week10_QUES_1_ANS_3">
                    <flow_mat>
                      <material>
                        <mattext texttype="text/html">Magnitude of &lt;math xmlns="http://www.w3.org/1998/Math/MathML">&lt;mrow>&lt;msqrt>&lt;mn>29&lt;/mn>&lt;/msqrt>&lt;/mrow>&lt;/math>, unit vector &lt;math xmlns="http://www.w3.org/1998/Math/MathML">&lt;mrow>&lt;mo form="prefix">(&lt;/mo>&lt;mfrac linethickness="1">&lt;mn>4&lt;/mn>&lt;mrow>&lt;msqrt>&lt;mn>29&lt;/mn>&lt;/msqrt>&lt;/mrow>&lt;/mfrac>&lt;mo>,&lt;/mo>&lt;mfrac linethickness="1">&lt;mn>9&lt;/mn>&lt;mrow>&lt;msqrt>&lt;mn>29&lt;/mn>&lt;/msqrt>&lt;/mrow>&lt;/mfrac>&lt;mo>,&lt;/mo>&lt;mfrac linethickness="1">&lt;mn>16&lt;/mn>&lt;mrow>&lt;msqrt>&lt;mn>29&lt;/mn>&lt;/msqrt>&lt;/mrow>&lt;/mfrac>&lt;mo form="postfix">)&lt;/mo>&lt;/mrow>&lt;/math>

</mattext>
                      </material>
                    </flow_mat>
                  </response_label>
                </flow_label>
                <flow_label class="Block">
                  <response_label ident="Week10_QUES_1_ANS_4">
                    <flow_mat>
                      <material>
                        <mattext texttype="text/html">Magnitude of &lt;math xmlns="http://www.w3.org/1998/Math/MathML">&lt;mrow>&lt;msqrt>&lt;mn>11&lt;/mn>&lt;/msqrt>&lt;/mrow>&lt;/math>, unit vector &lt;math xmlns="http://www.w3.org/1998/Math/MathML">&lt;mrow>&lt;mo form="prefix">(&lt;/mo>&lt;mfrac linethickness="1">&lt;mn>4&lt;/mn>&lt;mrow>&lt;msqrt>&lt;mn>29&lt;/mn>&lt;/msqrt>&lt;/mrow>&lt;/mfrac>&lt;mo>,&lt;/mo>&lt;mfrac linethickness="1">&lt;mn>9&lt;/mn>&lt;mrow>&lt;msqrt>&lt;mn>29&lt;/mn>&lt;/msqrt>&lt;/mrow>&lt;/mfrac>&lt;mo>,&lt;/mo>&lt;mfrac linethickness="1">&lt;mn>16&lt;/mn>&lt;mrow>&lt;msqrt>&lt;mn>29&lt;/mn>&lt;/msqrt>&lt;/mrow>&lt;/mfrac>&lt;mo form="postfix">)&lt;/mo>&lt;/mrow>&lt;/math>

</mattext>
                      </material>
                    </flow_mat>
                  </response_label>
                </flow_label>
              </render_choice>
            </response_lid>
          </flow>
        </presentation>
        <resprocessing>
          <respcondition title="Response Condition 1">
            <conditionvar>
              <varequal respident="Week10_Q1_LID">Week10_QUES_1_ANS_1</varequal>
            </conditionvar>
            <setvar action="Set">100</setvar>
            <displayfeedback feedbacktype="Response" linkrefid="QUES_ANSWER_1">Magnitude of &lt;math xmlns="http://www.w3.org/1998/Math/MathML">&lt;mrow>&lt;msqrt>&lt;mn>29&lt;/mn>&lt;/msqrt>&lt;/mrow>&lt;/math>, unit vector &lt;math xmlns="http://www.w3.org/1998/Math/MathML">&lt;mrow>&lt;mo form="prefix">(&lt;/mo>&lt;mfrac linethickness="1">&lt;mn>2&lt;/mn>&lt;mrow>&lt;msqrt>&lt;mn>29&lt;/mn>&lt;/msqrt>&lt;/mrow>&lt;/mfrac>&lt;mo>,&lt;/mo>&lt;mfrac linethickness="1">&lt;mn>-3&lt;/mn>&lt;mrow>&lt;msqrt>&lt;mn>29&lt;/mn>&lt;/msqrt>&lt;/mrow>&lt;/mfrac>&lt;mo>,&lt;/mo>&lt;mfrac linethickness="1">&lt;mn>4&lt;/mn>&lt;mrow>&lt;msqrt>&lt;mn>29&lt;/mn>&lt;/msqrt>&lt;/mrow>&lt;/mfrac>&lt;mo form="postfix">)&lt;/mo>&lt;/mrow>&lt;/math>

</displayfeedback>
          </respcondition>
          <respcondition title="Response Condition 2">
            <conditionvar>
              <varequal respident="Week10_Q1_LID">Week10_QUES_1_ANS_2</varequal>
            </conditionvar>
            <setvar action="Set">0</setvar>
            <displayfeedback feedbacktype="Response" linkrefid="QUES_ANSWER_2">Magnitude of &lt;math xmlns="http://www.w3.org/1998/Math/MathML">&lt;mrow>&lt;msqrt>&lt;mn>11&lt;/mn>&lt;/msqrt>&lt;/mrow>&lt;/math>, unit vector &lt;math xmlns="http://www.w3.org/1998/Math/MathML">&lt;mrow>&lt;mo form="prefix">(&lt;/mo>&lt;mfrac linethickness="1">&lt;mn>2&lt;/mn>&lt;mrow>&lt;msqrt>&lt;mn>29&lt;/mn>&lt;/msqrt>&lt;/mrow>&lt;/mfrac>&lt;mo>,&lt;/mo>&lt;mfrac linethickness="1">&lt;mn>-3&lt;/mn>&lt;mrow>&lt;msqrt>&lt;mn>29&lt;/mn>&lt;/msqrt>&lt;/mrow>&lt;/mfrac>&lt;mo>,&lt;/mo>&lt;mfrac linethickness="1">&lt;mn>4&lt;/mn>&lt;mrow>&lt;msqrt>&lt;mn>29&lt;/mn>&lt;/msqrt>&lt;/mrow>&lt;/mfrac>&lt;mo form="postfix">)&lt;/mo>&lt;/mrow>&lt;/math>

</displayfeedback>
          </respcondition>
          <respcondition title="Response Condition 3">
            <conditionvar>
              <varequal respident="Week10_Q1_LID">Week10_QUES_1_ANS_3</varequal>
            </conditionvar>
            <setvar action="Set">0</setvar>
            <displayfeedback feedbacktype="Response" linkrefid="QUES_ANSWER_3">Magnitude of &lt;math xmlns="http://www.w3.org/1998/Math/MathML">&lt;mrow>&lt;msqrt>&lt;mn>29&lt;/mn>&lt;/msqrt>&lt;/mrow>&lt;/math>, unit vector &lt;math xmlns="http://www.w3.org/1998/Math/MathML">&lt;mrow>&lt;mo form="prefix">(&lt;/mo>&lt;mfrac linethickness="1">&lt;mn>4&lt;/mn>&lt;mrow>&lt;msqrt>&lt;mn>29&lt;/mn>&lt;/msqrt>&lt;/mrow>&lt;/mfrac>&lt;mo>,&lt;/mo>&lt;mfrac linethickness="1">&lt;mn>9&lt;/mn>&lt;mrow>&lt;msqrt>&lt;mn>29&lt;/mn>&lt;/msqrt>&lt;/mrow>&lt;/mfrac>&lt;mo>,&lt;/mo>&lt;mfrac linethickness="1">&lt;mn>16&lt;/mn>&lt;mrow>&lt;msqrt>&lt;mn>29&lt;/mn>&lt;/msqrt>&lt;/mrow>&lt;/mfrac>&lt;mo form="postfix">)&lt;/mo>&lt;/mrow>&lt;/math>

</displayfeedback>
          </respcondition>
          <respcondition title="Response Condition 4">
            <conditionvar>
              <varequal respident="Week10_Q1_LID">Week10_QUES_1_ANS_4</varequal>
            </conditionvar>
            <setvar action="Set">0</setvar>
            <displayfeedback feedbacktype="Response" linkrefid="QUES_ANSWER_4">Magnitude of &lt;math xmlns="http://www.w3.org/1998/Math/MathML">&lt;mrow>&lt;msqrt>&lt;mn>11&lt;/mn>&lt;/msqrt>&lt;/mrow>&lt;/math>, unit vector &lt;math xmlns="http://www.w3.org/1998/Math/MathML">&lt;mrow>&lt;mo form="prefix">(&lt;/mo>&lt;mfrac linethickness="1">&lt;mn>4&lt;/mn>&lt;mrow>&lt;msqrt>&lt;mn>29&lt;/mn>&lt;/msqrt>&lt;/mrow>&lt;/mfrac>&lt;mo>,&lt;/mo>&lt;mfrac linethickness="1">&lt;mn>9&lt;/mn>&lt;mrow>&lt;msqrt>&lt;mn>29&lt;/mn>&lt;/msqrt>&lt;/mrow>&lt;/mfrac>&lt;mo>,&lt;/mo>&lt;mfrac linethickness="1">&lt;mn>16&lt;/mn>&lt;mrow>&lt;msqrt>&lt;mn>29&lt;/mn>&lt;/msqrt>&lt;/mrow>&lt;/mfrac>&lt;mo form="postfix">)&lt;/mo>&lt;/mrow>&lt;/math>

</displayfeedback>
          </respcondition>
        </resprocessing>
        <itemfeedback ident="Week10_Q1">
          <material>
            <mattext texttype="text/html"> The magnitude is the sum of the squares of the components, and the unit vector is the components divided by the magnitude. </mattext>
          </material>
        </itemfeedback>
      </item>
      <item d2l_2p0:id="3" d2l_2p0:page="1" ident="OBJ_115255" label="Week10_Q2" title="Week10_Q2">
        <itemmetadata>
          <qtimetadata>
            <qti_metadatafield>
              <fieldlabel>qmd_computerscored</fieldlabel>
              <fieldentry>yes</fieldentry>
            </qti_metadatafield>
            <qti_metadatafield>
              <fieldlabel>qmd_questiontype</fieldlabel>
              <fieldentry>Multiple Choice</fieldentry>
            </qti_metadatafield>
            <qti_metadatafield>
              <fieldlabel>qmd_weighting</fieldlabel>
              <fieldentry>1.000000000</fieldentry>
            </qti_metadatafield>
            <qti_metadatafield>
              <fieldlabel>qmd_globalid</fieldlabel>
              <fieldentry>8c61469b-13e8-4b17-825d-7a96d1cf3bdd</fieldentry>
            </qti_metadatafield>
            <qti_metadatafield>
              <fieldlabel>qmd_displayid</fieldlabel>
              <fieldentry>MNTC_P04 2015/16 W-396</fieldentry>
            </qti_metadatafield>
          </qtimetadata>
        </itemmetadata>
        <itemproc_extension>
          <d2l_2p0:difficulty>1</d2l_2p0:difficulty>
          <d2l_2p0:isbonus>no</d2l_2p0:isbonus>
          <d2l_2p0:ismandatory>no</d2l_2p0:ismandatory>
        </itemproc_extension>
        <presentation>
          <flow>
            <material>
              <mattext texttype="text/html"> Do the following points (0,0), (4,1), and (3,4) create a right triangle? </mattext>
            </material>
            <response_extension>
              <d2l_2p0:display_style>2</d2l_2p0:display_style>
              <d2l_2p0:enumeration>6</d2l_2p0:enumeration>
              <d2l_2p0:grading_type>0</d2l_2p0:grading_type>
            </response_extension>
            <response_lid ident="Week10_Q2_LID" rcardinality="Single">
              <render_choice shuffle="no">
                <flow_label class="Block">
                  <response_label ident="Week10_QUES_2_ANS_1">
                    <flow_mat>
                      <material>
                        <mattext texttype="text/html"> Yes </mattext>
                      </material>
                    </flow_mat>
                  </response_label>
                </flow_label>
                <flow_label class="Block">
                  <response_label ident="Week10_QUES_2_ANS_2">
                    <flow_mat>
                      <material>
                        <mattext texttype="text/html"> No </mattext>
                      </material>
                    </flow_mat>
                  </response_label>
                </flow_label>
                <flow_label class="Block">
                  <response_label ident="Week10_QUES_2_ANS_3">
                    <flow_mat>
                      <material>
                        <mattext texttype="text/html"> Not enough information to tell </mattext>
                      </material>
                    </flow_mat>
                  </response_label>
                </flow_label>
              </render_choice>
            </response_lid>
          </flow>
        </presentation>
        <resprocessing>
          <respcondition title="Response Condition 1">
            <conditionvar>
              <varequal respident="Week10_Q2_LID">Week10_QUES_2_ANS_1</varequal>
            </conditionvar>
            <setvar action="Set">0</setvar>
            <displayfeedback feedbacktype="Response" linkrefid="QUES_ANSWER_1"> Yes </displayfeedback>
          </respcondition>
          <respcondition title="Response Condition 2">
            <conditionvar>
              <varequal respident="Week10_Q2_LID">Week10_QUES_2_ANS_2</varequal>
            </conditionvar>
            <setvar action="Set">100</setvar>
            <displayfeedback feedbacktype="Response" linkrefid="QUES_ANSWER_2"> No </displayfeedback>
          </respcondition>
          <respcondition title="Response Condition 3">
            <conditionvar>
              <varequal respident="Week10_Q2_LID">Week10_QUES_2_ANS_3</varequal>
            </conditionvar>
            <setvar action="Set">0</setvar>
            <displayfeedback feedbacktype="Response" linkrefid="QUES_ANSWER_3"> Not enough information to tell </displayfeedback>
          </respcondition>
        </resprocessing>
        <itemfeedback ident="Week10_Q2">
          <material>
            <mattext texttype="text/html"> Find the vectors between the points (4,1) and (3,4) and determine their slope. </mattext>
          </material>
        </itemfeedback>
      </item>
      <item d2l_2p0:id="3" d2l_2p0:page="1" ident="OBJ_115255" label="Week10_Q3" title="Week10_Q3">
        <itemmetadata>
          <qtimetadata>
            <qti_metadatafield>
              <fieldlabel>qmd_computerscored</fieldlabel>
              <fieldentry>yes</fieldentry>
            </qti_metadatafield>
            <qti_metadatafield>
              <fieldlabel>qmd_questiontype</fieldlabel>
              <fieldentry>Multiple Choice</fieldentry>
            </qti_metadatafield>
            <qti_metadatafield>
              <fieldlabel>qmd_weighting</fieldlabel>
              <fieldentry>1.000000000</fieldentry>
            </qti_metadatafield>
            <qti_metadatafield>
              <fieldlabel>qmd_globalid</fieldlabel>
              <fieldentry>8c61469b-13e8-4b17-825d-7a96d1cf3bdd</fieldentry>
            </qti_metadatafield>
            <qti_metadatafield>
              <fieldlabel>qmd_displayid</fieldlabel>
              <fieldentry>MNTC_P04 2015/16 W-396</fieldentry>
            </qti_metadatafield>
          </qtimetadata>
        </itemmetadata>
        <itemproc_extension>
          <d2l_2p0:difficulty>1</d2l_2p0:difficulty>
          <d2l_2p0:isbonus>no</d2l_2p0:isbonus>
          <d2l_2p0:ismandatory>no</d2l_2p0:ismandatory>
        </itemproc_extension>
        <presentation>
          <flow>
            <material>
              <mattext texttype="text/html">What is the transpose and inverse of &lt;br /> &lt;math xmlns="http://www.w3.org/1998/Math/MathML">&lt;mrow>&lt;mo rspace="0.3em" lspace="0em" stretchy="true" fence="true" form="prefix">(&lt;/mo>&lt;mtable class="m-pmatrix">&lt;mtr>&lt;mtd>&lt;mn>1&lt;/mn>&lt;/mtd>&lt;mtd>&lt;mn>3&lt;/mn>&lt;/mtd>&lt;/mtr>&lt;mtr>&lt;mtd>&lt;mn>1&lt;/mn>&lt;/mtd>&lt;mtd>&lt;mn>4&lt;/mn>&lt;/mtd>&lt;/mtr>&lt;/mtable>&lt;mo rspace="0em" lspace="0.3em" stretchy="true" fence="true" form="postfix">)&lt;/mo>&lt;/mrow>&lt;/math>

</mattext>
            </material>
            <response_extension>
              <d2l_2p0:display_style>2</d2l_2p0:display_style>
              <d2l_2p0:enumeration>6</d2l_2p0:enumeration>
              <d2l_2p0:grading_type>0</d2l_2p0:grading_type>
            </response_extension>
            <response_lid ident="Week10_Q3_LID" rcardinality="Single">
              <render_choice shuffle="no">
                <flow_label class="Block">
                  <response_label ident="Week10_QUES_3_ANS_1">
                    <flow_mat>
                      <material>
                        <mattext texttype="text/html">Transpose: &lt;math xmlns="http://www.w3.org/1998/Math/MathML">&lt;mrow>&lt;mo rspace="0.3em" lspace="0em" stretchy="true" fence="true" form="prefix">(&lt;/mo>&lt;mtable class="m-pmatrix">&lt;mtr>&lt;mtd>&lt;mn>1&lt;/mn>&lt;/mtd>&lt;mtd>&lt;mn>1&lt;/mn>&lt;/mtd>&lt;/mtr>&lt;mtr>&lt;mtd>&lt;mn>3&lt;/mn>&lt;/mtd>&lt;mtd>&lt;mn>4&lt;/mn>&lt;/mtd>&lt;/mtr>&lt;/mtable>&lt;mo rspace="0em" lspace="0.3em" stretchy="true" fence="true" form="postfix">)&lt;/mo>&lt;/mrow>&lt;/math> Inverse: &lt;math xmlns="http://www.w3.org/1998/Math/MathML">&lt;mrow>&lt;mo rspace="0.3em" lspace="0em" stretchy="true" fence="true" form="prefix">(&lt;/mo>&lt;mtable class="m-pmatrix">&lt;mtr>&lt;mtd>&lt;mn>4&lt;/mn>&lt;/mtd>&lt;mtd>&lt;mo>-&lt;/mo>&lt;mn>3&lt;/mn>&lt;/mtd>&lt;/mtr>&lt;mtr>&lt;mtd>&lt;mn>1&lt;/mn>&lt;/mtd>&lt;mtd>&lt;mn>1&lt;/mn>&lt;/mtd>&lt;/mtr>&lt;/mtable>&lt;mo rspace="0em" lspace="0.3em" stretchy="true" fence="true" form="postfix">)&lt;/mo>&lt;/mrow>&lt;/math>

</mattext>
                      </material>
                    </flow_mat>
                  </response_label>
                </flow_label>
                <flow_label class="Block">
                  <response_label ident="Week10_QUES_3_ANS_2">
                    <flow_mat>
                      <material>
                        <mattext texttype="text/html">Transpose: &lt;math xmlns="http://www.w3.org/1998/Math/MathML">&lt;mrow>&lt;mo rspace="0.3em" lspace="0em" stretchy="true" fence="true" form="prefix">(&lt;/mo>&lt;mtable class="m-pmatrix">&lt;mtr>&lt;mtd>&lt;mn>4&lt;/mn>&lt;/mtd>&lt;mtd>&lt;mn>3&lt;/mn>&lt;/mtd>&lt;/mtr>&lt;mtr>&lt;mtd>&lt;mn>1&lt;/mn>&lt;/mtd>&lt;mtd>&lt;mn>1&lt;/mn>&lt;/mtd>&lt;/mtr>&lt;/mtable>&lt;mo rspace="0em" lspace="0.3em" stretchy="true" fence="true" form="postfix">)&lt;/mo>&lt;/mrow>&lt;/math> Inverse: &lt;math xmlns="http://www.w3.org/1998/Math/MathML">&lt;mrow>&lt;mo rspace="0.3em" lspace="0em" stretchy="true" fence="true" form="prefix">(&lt;/mo>&lt;mtable class="m-pmatrix">&lt;mtr>&lt;mtd>&lt;mn>4&lt;/mn>&lt;/mtd>&lt;mtd>&lt;mo>-&lt;/mo>&lt;mn>3&lt;/mn>&lt;/mtd>&lt;/mtr>&lt;mtr>&lt;mtd>&lt;mo>-&lt;/mo>&lt;mn>1&lt;/mn>&lt;/mtd>&lt;mtd>&lt;mn>1&lt;/mn>&lt;/mtd>&lt;/mtr>&lt;/mtable>&lt;mo rspace="0em" lspace="0.3em" stretchy="true" fence="true" form="postfix">)&lt;/mo>&lt;/mrow>&lt;/math>

</mattext>
                      </material>
                    </flow_mat>
                  </response_label>
                </flow_label>
                <flow_label class="Block">
                  <response_label ident="Week10_QUES_3_ANS_3">
                    <flow_mat>
                      <material>
                        <mattext texttype="text/html">Transpose: &lt;math xmlns="http://www.w3.org/1998/Math/MathML">&lt;mrow>&lt;mo rspace="0.3em" lspace="0em" stretchy="true" fence="true" form="prefix">(&lt;/mo>&lt;mtable class="m-pmatrix">&lt;mtr>&lt;mtd>&lt;mn>1&lt;/mn>&lt;/mtd>&lt;mtd>&lt;mn>1&lt;/mn>&lt;/mtd>&lt;/mtr>&lt;mtr>&lt;mtd>&lt;mn>3&lt;/mn>&lt;/mtd>&lt;mtd>&lt;mn>4&lt;/mn>&lt;/mtd>&lt;/mtr>&lt;/mtable>&lt;mo rspace="0em" lspace="0.3em" stretchy="true" fence="true" form="postfix">)&lt;/mo>&lt;/mrow>&lt;/math> Inverse: &lt;math xmlns="http://www.w3.org/1998/Math/MathML">&lt;mrow>&lt;mo rspace="0.3em" lspace="0em" stretchy="true" fence="true" form="prefix">(&lt;/mo>&lt;mtable class="m-pmatrix">&lt;mtr>&lt;mtd>&lt;mn>4&lt;/mn>&lt;/mtd>&lt;mtd>&lt;mo>-&lt;/mo>&lt;mn>3&lt;/mn>&lt;/mtd>&lt;/mtr>&lt;mtr>&lt;mtd>&lt;mo>-&lt;/mo>&lt;mn>1&lt;/mn>&lt;/mtd>&lt;mtd>&lt;mn>1&lt;/mn>&lt;/mtd>&lt;/mtr>&lt;/mtable>&lt;mo rspace="0em" lspace="0.3em" stretchy="true" fence="true" form="postfix">)&lt;/mo>&lt;/mrow>&lt;/math>

</mattext>
                      </material>
                    </flow_mat>
                  </response_label>
                </flow_label>
              </render_choice>
            </response_lid>
          </flow>
        </presentation>
        <resprocessing>
          <respcondition title="Response Condition 1">
            <conditionvar>
              <varequal respident="Week10_Q3_LID">Week10_QUES_3_ANS_1</varequal>
            </conditionvar>
            <setvar action="Set">0</setvar>
            <displayfeedback feedbacktype="Response" linkrefid="QUES_ANSWER_1">Transpose: &lt;math xmlns="http://www.w3.org/1998/Math/MathML">&lt;mrow>&lt;mo rspace="0.3em" lspace="0em" stretchy="true" fence="true" form="prefix">(&lt;/mo>&lt;mtable class="m-pmatrix">&lt;mtr>&lt;mtd>&lt;mn>1&lt;/mn>&lt;/mtd>&lt;mtd>&lt;mn>1&lt;/mn>&lt;/mtd>&lt;/mtr>&lt;mtr>&lt;mtd>&lt;mn>3&lt;/mn>&lt;/mtd>&lt;mtd>&lt;mn>4&lt;/mn>&lt;/mtd>&lt;/mtr>&lt;/mtable>&lt;mo rspace="0em" lspace="0.3em" stretchy="true" fence="true" form="postfix">)&lt;/mo>&lt;/mrow>&lt;/math> Inverse: &lt;math xmlns="http://www.w3.org/1998/Math/MathML">&lt;mrow>&lt;mo rspace="0.3em" lspace="0em" stretchy="true" fence="true" form="prefix">(&lt;/mo>&lt;mtable class="m-pmatrix">&lt;mtr>&lt;mtd>&lt;mn>4&lt;/mn>&lt;/mtd>&lt;mtd>&lt;mo>-&lt;/mo>&lt;mn>3&lt;/mn>&lt;/mtd>&lt;/mtr>&lt;mtr>&lt;mtd>&lt;mn>1&lt;/mn>&lt;/mtd>&lt;mtd>&lt;mn>1&lt;/mn>&lt;/mtd>&lt;/mtr>&lt;/mtable>&lt;mo rspace="0em" lspace="0.3em" stretchy="true" fence="true" form="postfix">)&lt;/mo>&lt;/mrow>&lt;/math>

</displayfeedback>
          </respcondition>
          <respcondition title="Response Condition 2">
            <conditionvar>
              <varequal respident="Week10_Q3_LID">Week10_QUES_3_ANS_2</varequal>
            </conditionvar>
            <setvar action="Set">0</setvar>
            <displayfeedback feedbacktype="Response" linkrefid="QUES_ANSWER_2">Transpose: &lt;math xmlns="http://www.w3.org/1998/Math/MathML">&lt;mrow>&lt;mo rspace="0.3em" lspace="0em" stretchy="true" fence="true" form="prefix">(&lt;/mo>&lt;mtable class="m-pmatrix">&lt;mtr>&lt;mtd>&lt;mn>4&lt;/mn>&lt;/mtd>&lt;mtd>&lt;mn>3&lt;/mn>&lt;/mtd>&lt;/mtr>&lt;mtr>&lt;mtd>&lt;mn>1&lt;/mn>&lt;/mtd>&lt;mtd>&lt;mn>1&lt;/mn>&lt;/mtd>&lt;/mtr>&lt;/mtable>&lt;mo rspace="0em" lspace="0.3em" stretchy="true" fence="true" form="postfix">)&lt;/mo>&lt;/mrow>&lt;/math> Inverse: &lt;math xmlns="http://www.w3.org/1998/Math/MathML">&lt;mrow>&lt;mo rspace="0.3em" lspace="0em" stretchy="true" fence="true" form="prefix">(&lt;/mo>&lt;mtable class="m-pmatrix">&lt;mtr>&lt;mtd>&lt;mn>4&lt;/mn>&lt;/mtd>&lt;mtd>&lt;mo>-&lt;/mo>&lt;mn>3&lt;/mn>&lt;/mtd>&lt;/mtr>&lt;mtr>&lt;mtd>&lt;mo>-&lt;/mo>&lt;mn>1&lt;/mn>&lt;/mtd>&lt;mtd>&lt;mn>1&lt;/mn>&lt;/mtd>&lt;/mtr>&lt;/mtable>&lt;mo rspace="0em" lspace="0.3em" stretchy="true" fence="true" form="postfix">)&lt;/mo>&lt;/mrow>&lt;/math>

</displayfeedback>
          </respcondition>
          <respcondition title="Response Condition 3">
            <conditionvar>
              <varequal respident="Week10_Q3_LID">Week10_QUES_3_ANS_3</varequal>
            </conditionvar>
            <setvar action="Set">100</setvar>
            <displayfeedback feedbacktype="Response" linkrefid="QUES_ANSWER_3">Transpose: &lt;math xmlns="http://www.w3.org/1998/Math/MathML">&lt;mrow>&lt;mo rspace="0.3em" lspace="0em" stretchy="true" fence="true" form="prefix">(&lt;/mo>&lt;mtable class="m-pmatrix">&lt;mtr>&lt;mtd>&lt;mn>1&lt;/mn>&lt;/mtd>&lt;mtd>&lt;mn>1&lt;/mn>&lt;/mtd>&lt;/mtr>&lt;mtr>&lt;mtd>&lt;mn>3&lt;/mn>&lt;/mtd>&lt;mtd>&lt;mn>4&lt;/mn>&lt;/mtd>&lt;/mtr>&lt;/mtable>&lt;mo rspace="0em" lspace="0.3em" stretchy="true" fence="true" form="postfix">)&lt;/mo>&lt;/mrow>&lt;/math> Inverse: &lt;math xmlns="http://www.w3.org/1998/Math/MathML">&lt;mrow>&lt;mo rspace="0.3em" lspace="0em" stretchy="true" fence="true" form="prefix">(&lt;/mo>&lt;mtable class="m-pmatrix">&lt;mtr>&lt;mtd>&lt;mn>4&lt;/mn>&lt;/mtd>&lt;mtd>&lt;mo>-&lt;/mo>&lt;mn>3&lt;/mn>&lt;/mtd>&lt;/mtr>&lt;mtr>&lt;mtd>&lt;mo>-&lt;/mo>&lt;mn>1&lt;/mn>&lt;/mtd>&lt;mtd>&lt;mn>1&lt;/mn>&lt;/mtd>&lt;/mtr>&lt;/mtable>&lt;mo rspace="0em" lspace="0.3em" stretchy="true" fence="true" form="postfix">)&lt;/mo>&lt;/mrow>&lt;/math>

</displayfeedback>
          </respcondition>
        </resprocessing>
        <itemfeedback ident="Week10_Q3">
          <material>
            <mattext texttype="text/html"> Use MATLAB to help you find the answer. </mattext>
          </material>
        </itemfeedback>
      </item>
    </section>
  </objectbank>
</questestinterop>
