<?xml version="1.0" encoding="UTF-8"?>
<questestinterop>
  <objectbank ident="QLIB_50893" xmlns:d2l_2p0="http://desire2learn.com/xsd/d2lcp_v2p0">
    <section d2l_2p0:id="2" ident="SECT_119460" title="Week12">
      <sectionproc_extension>
        <d2l_2p0:display_section_name>no</d2l_2p0:display_section_name>
        <d2l_2p0:display_section_line>no</d2l_2p0:display_section_line>
        <d2l_2p0:type_display_section>0</d2l_2p0:type_display_section>
      </sectionproc_extension>
      <item d2l_2p0:id="3" d2l_2p0:page="1" ident="OBJ_115255" label="Week12_Q1" title="Week12_Q1">
        <itemmetadata>
          <qtimetadata>
            <qti_metadatafield>
              <fieldlabel>qmd_computerscored</fieldlabel>
              <fieldentry>yes</fieldentry>
            </qti_metadatafield>
            <qti_metadatafield>
              <fieldlabel>qmd_questiontype</fieldlabel>
              <fieldentry>Multiple Choice</fieldentry>
            </qti_metadatafield>
            <qti_metadatafield>
              <fieldlabel>qmd_weighting</fieldlabel>
              <fieldentry>1.000000000</fieldentry>
            </qti_metadatafield>
            <qti_metadatafield>
              <fieldlabel>qmd_globalid</fieldlabel>
              <fieldentry>8c61469b-13e8-4b17-825d-7a96d1cf3bdd</fieldentry>
            </qti_metadatafield>
            <qti_metadatafield>
              <fieldlabel>qmd_displayid</fieldlabel>
              <fieldentry>MNTC_P04 2015/16 W-396</fieldentry>
            </qti_metadatafield>
          </qtimetadata>
        </itemmetadata>
        <itemproc_extension>
          <d2l_2p0:difficulty>1</d2l_2p0:difficulty>
          <d2l_2p0:isbonus>no</d2l_2p0:isbonus>
          <d2l_2p0:ismandatory>no</d2l_2p0:ismandatory>
        </itemproc_extension>
        <presentation>
          <flow>
            <material>
              <mattext texttype="text/html"> The determinant of a matrix: </mattext>
            </material>
            <response_extension>
              <d2l_2p0:display_style>2</d2l_2p0:display_style>
              <d2l_2p0:enumeration>6</d2l_2p0:enumeration>
              <d2l_2p0:grading_type>0</d2l_2p0:grading_type>
            </response_extension>
            <response_lid ident="Week12_Q1_LID" rcardinality="Single">
              <render_choice shuffle="no">
                <flow_label class="Block">
                  <response_label ident="Week12_QUES_1_ANS_1">
                    <flow_mat>
                      <material>
                        <mattext texttype="text/html"> Is a way to find out whether a matrix is a basis or not. </mattext>
                      </material>
                    </flow_mat>
                  </response_label>
                </flow_label>
                <flow_label class="Block">
                  <response_label ident="Week12_QUES_1_ANS_2">
                    <flow_mat>
                      <material>
                        <mattext texttype="text/html"> Gives information about what a matrix does to a vector. </mattext>
                      </material>
                    </flow_mat>
                  </response_label>
                </flow_label>
                <flow_label class="Block">
                  <response_label ident="Week12_QUES_1_ANS_3">
                    <flow_mat>
                      <material>
                        <mattext texttype="text/html"> Determines how much work is involved in finding an orthonormal basis. </mattext>
                      </material>
                    </flow_mat>
                  </response_label>
                </flow_label>
                <flow_label class="Block">
                  <response_label ident="Week12_QUES_1_ANS_4">
                    <flow_mat>
                      <material>
                        <mattext texttype="text/html"> Answers (a) and (b).</mattext>
                      </material>
                    </flow_mat>
                  </response_label>
                </flow_label>
              </render_choice>
            </response_lid>
          </flow>
        </presentation>
        <resprocessing>
          <respcondition title="Response Condition 1">
            <conditionvar>
              <varequal respident="Week12_Q1_LID">Week12_QUES_1_ANS_1</varequal>
            </conditionvar>
            <setvar action="Set">100</setvar>
            <displayfeedback feedbacktype="Response" linkrefid="QUES_ANSWER_1"> Is a way to find out whether a matrix is a basis or not. </displayfeedback>
          </respcondition>
          <respcondition title="Response Condition 2">
            <conditionvar>
              <varequal respident="Week12_Q1_LID">Week12_QUES_1_ANS_2</varequal>
            </conditionvar>
            <setvar action="Set">0</setvar>
            <displayfeedback feedbacktype="Response" linkrefid="QUES_ANSWER_2"> Gives information about what a matrix does to a vector. </displayfeedback>
          </respcondition>
          <respcondition title="Response Condition 3">
            <conditionvar>
              <varequal respident="Week12_Q1_LID">Week12_QUES_1_ANS_3</varequal>
            </conditionvar>
            <setvar action="Set">0</setvar>
            <displayfeedback feedbacktype="Response" linkrefid="QUES_ANSWER_3"> Determines how much work is involved in finding an orthonormal basis. </displayfeedback>
          </respcondition>
          <respcondition title="Response Condition 4">
            <conditionvar>
              <varequal respident="Week12_Q1_LID">Week12_QUES_1_ANS_4</varequal>
            </conditionvar>
            <setvar action="Set">0</setvar>
            <displayfeedback feedbacktype="Response" linkrefid="QUES_ANSWER_4"> Answers (a) and (b).</displayfeedback>
          </respcondition>
        </resprocessing>
        <itemfeedback ident="Week12_Q1">
          <material>
            <mattext texttype="text/html"> Check the notes! </mattext>
          </material>
        </itemfeedback>
      </item>
      <item d2l_2p0:id="3" d2l_2p0:page="1" ident="OBJ_115255" label="Week12_Q2" title="Week12_Q2">
        <itemmetadata>
          <qtimetadata>
            <qti_metadatafield>
              <fieldlabel>qmd_computerscored</fieldlabel>
              <fieldentry>yes</fieldentry>
            </qti_metadatafield>
            <qti_metadatafield>
              <fieldlabel>qmd_questiontype</fieldlabel>
              <fieldentry>Multiple Choice</fieldentry>
            </qti_metadatafield>
            <qti_metadatafield>
              <fieldlabel>qmd_weighting</fieldlabel>
              <fieldentry>1.000000000</fieldentry>
            </qti_metadatafield>
            <qti_metadatafield>
              <fieldlabel>qmd_globalid</fieldlabel>
              <fieldentry>8c61469b-13e8-4b17-825d-7a96d1cf3bdd</fieldentry>
            </qti_metadatafield>
            <qti_metadatafield>
              <fieldlabel>qmd_displayid</fieldlabel>
              <fieldentry>MNTC_P04 2015/16 W-396</fieldentry>
            </qti_metadatafield>
          </qtimetadata>
        </itemmetadata>
        <itemproc_extension>
          <d2l_2p0:difficulty>1</d2l_2p0:difficulty>
          <d2l_2p0:isbonus>no</d2l_2p0:isbonus>
          <d2l_2p0:ismandatory>no</d2l_2p0:ismandatory>
        </itemproc_extension>
        <presentation>
          <flow>
            <material>
              <mattext texttype="text/html"> Diagonalizing a symmetric matrix yields: </mattext>
            </material>
            <response_extension>
              <d2l_2p0:display_style>2</d2l_2p0:display_style>
              <d2l_2p0:enumeration>6</d2l_2p0:enumeration>
              <d2l_2p0:grading_type>0</d2l_2p0:grading_type>
            </response_extension>
            <response_lid ident="Week12_Q2_LID" rcardinality="Single">
              <render_choice shuffle="no">
                <flow_label class="Block">
                  <response_label ident="Week12_QUES_2_ANS_1">
                    <flow_mat>
                      <material>
                        <mattext texttype="text/html"> A matrix of zeros. </mattext>
                      </material>
                    </flow_mat>
                  </response_label>
                </flow_label>
                <flow_label class="Block">
                  <response_label ident="Week12_QUES_2_ANS_2">
                    <flow_mat>
                      <material>
                        <mattext texttype="text/html"> A matrix of 1's along the diagonal, zeros everywhere else. </mattext>
                      </material>
                    </flow_mat>
                  </response_label>
                </flow_label>
                <flow_label class="Block">
                  <response_label ident="Week12_QUES_2_ANS_3">
                    <flow_mat>
                      <material>
                        <mattext texttype="text/html"> A matrix that has the eigenvalues along the diagonal, zeros everywhere else. </mattext>
                      </material>
                    </flow_mat>
                  </response_label>
                </flow_label>
                <flow_label class="Block">
                  <response_label ident="Week12_QUES_2_ANS_4">
                    <flow_mat>
                      <material>
                        <mattext texttype="text/html"> A matrix that has the eigenvalues along the diagonal, ones everywhere else. </mattext>
                      </material>
                    </flow_mat>
                  </response_label>
                </flow_label>
              </render_choice>
            </response_lid>
          </flow>
        </presentation>
        <resprocessing>
          <respcondition title="Response Condition 1">
            <conditionvar>
              <varequal respident="Week12_Q2_LID">Week12_QUES_2_ANS_1</varequal>
            </conditionvar>
            <setvar action="Set">0</setvar>
            <displayfeedback feedbacktype="Response" linkrefid="QUES_ANSWER_1"> A matrix of zeros. </displayfeedback>
          </respcondition>
          <respcondition title="Response Condition 2">
            <conditionvar>
              <varequal respident="Week12_Q2_LID">Week12_QUES_2_ANS_2</varequal>
            </conditionvar>
            <setvar action="Set">0</setvar>
            <displayfeedback feedbacktype="Response" linkrefid="QUES_ANSWER_2"> A matrix of 1's along the diagonal, zeros everywhere else. </displayfeedback>
          </respcondition>
          <respcondition title="Response Condition 3">
            <conditionvar>
              <varequal respident="Week12_Q2_LID">Week12_QUES_2_ANS_3</varequal>
            </conditionvar>
            <setvar action="Set">100</setvar>
            <displayfeedback feedbacktype="Response" linkrefid="QUES_ANSWER_3"> A matrix that has the eigenvalues along the diagonal, zeros everywhere else. </displayfeedback>
          </respcondition>
          <respcondition title="Response Condition 4">
            <conditionvar>
              <varequal respident="Week12_Q2_LID">Week12_QUES_2_ANS_4</varequal>
            </conditionvar>
            <setvar action="Set">0</setvar>
            <displayfeedback feedbacktype="Response" linkrefid="QUES_ANSWER_4"> A matrix that has the eigenvalues along the diagonal, ones everywhere else. </displayfeedback>
          </respcondition>
        </resprocessing>
        <itemfeedback ident="Week12_Q2">
          <material>
            <mattext texttype="text/html"> </mattext>
          </material>
        </itemfeedback>
      </item>
      <item d2l_2p0:id="3" d2l_2p0:page="1" ident="OBJ_115255" label="Week12_Q3" title="Week12_Q3">
        <itemmetadata>
          <qtimetadata>
            <qti_metadatafield>
              <fieldlabel>qmd_computerscored</fieldlabel>
              <fieldentry>yes</fieldentry>
            </qti_metadatafield>
            <qti_metadatafield>
              <fieldlabel>qmd_questiontype</fieldlabel>
              <fieldentry>Multiple Choice</fieldentry>
            </qti_metadatafield>
            <qti_metadatafield>
              <fieldlabel>qmd_weighting</fieldlabel>
              <fieldentry>1.000000000</fieldentry>
            </qti_metadatafield>
            <qti_metadatafield>
              <fieldlabel>qmd_globalid</fieldlabel>
              <fieldentry>8c61469b-13e8-4b17-825d-7a96d1cf3bdd</fieldentry>
            </qti_metadatafield>
            <qti_metadatafield>
              <fieldlabel>qmd_displayid</fieldlabel>
              <fieldentry>MNTC_P04 2015/16 W-396</fieldentry>
            </qti_metadatafield>
          </qtimetadata>
        </itemmetadata>
        <itemproc_extension>
          <d2l_2p0:difficulty>1</d2l_2p0:difficulty>
          <d2l_2p0:isbonus>no</d2l_2p0:isbonus>
          <d2l_2p0:ismandatory>no</d2l_2p0:ismandatory>
        </itemproc_extension>
        <presentation>
          <flow>
            <material>
              <mattext texttype="text/html"> When setting up a system of first order differential equations, we have to choose the following variable substitutions. </mattext>
            </material>
            <response_extension>
              <d2l_2p0:display_style>2</d2l_2p0:display_style>
              <d2l_2p0:enumeration>6</d2l_2p0:enumeration>
              <d2l_2p0:grading_type>0</d2l_2p0:grading_type>
            </response_extension>
            <response_lid ident="Week12_Q3_LID" rcardinality="Single">
              <render_choice shuffle="no">
                <flow_label class="Block">
                  <response_label ident="Week12_QUES_3_ANS_1">
                    <flow_mat>
                      <material>
                        <mattext texttype="text/html">&lt;math xmlns="http://www.w3.org/1998/Math/MathML">&lt;mrow>&lt;msub>&lt;mi>y&lt;/mi>&lt;mn>1&lt;/mn>&lt;/msub>&lt;mo>=&lt;/mo>&lt;mi>y&lt;/mi>&lt;mo>,&lt;/mo>&lt;msub>&lt;mi>y&lt;/mi>&lt;mn>2&lt;/mn>&lt;/msub>&lt;mo>=&lt;/mo>&lt;mi>y&lt;/mi>&lt;mo>'&lt;/mo>&lt;/mrow>&lt;/math>

</mattext>
                      </material>
                    </flow_mat>
                  </response_label>
                </flow_label>
                <flow_label class="Block">
                  <response_label ident="Week12_QUES_3_ANS_2">
                    <flow_mat>
                      <material>
                        <mattext texttype="text/html">&lt;math xmlns="http://www.w3.org/1998/Math/MathML">&lt;mrow>&lt;msub>&lt;mi>y&lt;/mi>&lt;mn>1&lt;/mn>&lt;/msub>&lt;mo>'&lt;/mo>&lt;mo>=&lt;/mo>&lt;mi>y&lt;/mi>&lt;mo>,&lt;/mo>&lt;msub>&lt;mi>y&lt;/mi>&lt;mn>2&lt;/mn>&lt;/msub>&lt;mo>=&lt;/mo>&lt;mi>y&lt;/mi>&lt;mo>'&lt;/mo>&lt;mo>'&lt;/mo>&lt;/mrow>&lt;/math>

</mattext>
                      </material>
                    </flow_mat>
                  </response_label>
                </flow_label>
                <flow_label class="Block">
                  <response_label ident="Week12_QUES_3_ANS_3">
                    <flow_mat>
                      <material>
                        <mattext texttype="text/html">&lt;math xmlns="http://www.w3.org/1998/Math/MathML">&lt;mrow>&lt;msub>&lt;mi>y&lt;/mi>&lt;mn>1&lt;/mn>&lt;/msub>&lt;mo>=&lt;/mo>&lt;mi>y&lt;/mi>&lt;mo>,&lt;/mo>&lt;msub>&lt;mi>y&lt;/mi>&lt;mn>2&lt;/mn>&lt;/msub>&lt;mo>=&lt;/mo>&lt;mi>y&lt;/mi>&lt;mo>'&lt;/mo>&lt;mo>'&lt;/mo>&lt;/mrow>&lt;/math>

</mattext>
                      </material>
                    </flow_mat>
                  </response_label>
                </flow_label>
                <flow_label class="Block">
                  <response_label ident="Week12_QUES_3_ANS_4">
                    <flow_mat>
                      <material>
                        <mattext texttype="text/html">&lt;math xmlns="http://www.w3.org/1998/Math/MathML">&lt;mrow>&lt;msub>&lt;mi>y&lt;/mi>&lt;mn>1&lt;/mn>&lt;/msub>&lt;mo>=&lt;/mo>&lt;mi>y&lt;/mi>&lt;mo>'&lt;/mo>&lt;mo>,&lt;/mo>&lt;msub>&lt;mi>y&lt;/mi>&lt;mn>2&lt;/mn>&lt;/msub>&lt;mo>'&lt;/mo>&lt;mo>=&lt;/mo>&lt;mi>y&lt;/mi>&lt;mo>'&lt;/mo>&lt;mo>'&lt;/mo>&lt;/mrow>&lt;/math>

</mattext>
                      </material>
                    </flow_mat>
                  </response_label>
                </flow_label>
              </render_choice>
            </response_lid>
          </flow>
        </presentation>
        <resprocessing>
          <respcondition title="Response Condition 1">
            <conditionvar>
              <varequal respident="Week12_Q3_LID">Week12_QUES_3_ANS_1</varequal>
            </conditionvar>
            <setvar action="Set">100</setvar>
            <displayfeedback feedbacktype="Response" linkrefid="QUES_ANSWER_1">&lt;math xmlns="http://www.w3.org/1998/Math/MathML">&lt;mrow>&lt;msub>&lt;mi>y&lt;/mi>&lt;mn>1&lt;/mn>&lt;/msub>&lt;mo>=&lt;/mo>&lt;mi>y&lt;/mi>&lt;mo>,&lt;/mo>&lt;msub>&lt;mi>y&lt;/mi>&lt;mn>2&lt;/mn>&lt;/msub>&lt;mo>=&lt;/mo>&lt;mi>y&lt;/mi>&lt;mo>'&lt;/mo>&lt;/mrow>&lt;/math>

</displayfeedback>
          </respcondition>
          <respcondition title="Response Condition 2">
            <conditionvar>
              <varequal respident="Week12_Q3_LID">Week12_QUES_3_ANS_2</varequal>
            </conditionvar>
            <setvar action="Set">0</setvar>
            <displayfeedback feedbacktype="Response" linkrefid="QUES_ANSWER_2">&lt;math xmlns="http://www.w3.org/1998/Math/MathML">&lt;mrow>&lt;msub>&lt;mi>y&lt;/mi>&lt;mn>1&lt;/mn>&lt;/msub>&lt;mo>'&lt;/mo>&lt;mo>=&lt;/mo>&lt;mi>y&lt;/mi>&lt;mo>,&lt;/mo>&lt;msub>&lt;mi>y&lt;/mi>&lt;mn>2&lt;/mn>&lt;/msub>&lt;mo>=&lt;/mo>&lt;mi>y&lt;/mi>&lt;mo>'&lt;/mo>&lt;mo>'&lt;/mo>&lt;/mrow>&lt;/math>

</displayfeedback>
          </respcondition>
          <respcondition title="Response Condition 3">
            <conditionvar>
              <varequal respident="Week12_Q3_LID">Week12_QUES_3_ANS_3</varequal>
            </conditionvar>
            <setvar action="Set">0</setvar>
            <displayfeedback feedbacktype="Response" linkrefid="QUES_ANSWER_3">&lt;math xmlns="http://www.w3.org/1998/Math/MathML">&lt;mrow>&lt;msub>&lt;mi>y&lt;/mi>&lt;mn>1&lt;/mn>&lt;/msub>&lt;mo>=&lt;/mo>&lt;mi>y&lt;/mi>&lt;mo>,&lt;/mo>&lt;msub>&lt;mi>y&lt;/mi>&lt;mn>2&lt;/mn>&lt;/msub>&lt;mo>=&lt;/mo>&lt;mi>y&lt;/mi>&lt;mo>'&lt;/mo>&lt;mo>'&lt;/mo>&lt;/mrow>&lt;/math>

</displayfeedback>
          </respcondition>
          <respcondition title="Response Condition 4">
            <conditionvar>
              <varequal respident="Week12_Q3_LID">Week12_QUES_3_ANS_4</varequal>
            </conditionvar>
            <setvar action="Set">0</setvar>
            <displayfeedback feedbacktype="Response" linkrefid="QUES_ANSWER_4">&lt;math xmlns="http://www.w3.org/1998/Math/MathML">&lt;mrow>&lt;msub>&lt;mi>y&lt;/mi>&lt;mn>1&lt;/mn>&lt;/msub>&lt;mo>=&lt;/mo>&lt;mi>y&lt;/mi>&lt;mo>'&lt;/mo>&lt;mo>,&lt;/mo>&lt;msub>&lt;mi>y&lt;/mi>&lt;mn>2&lt;/mn>&lt;/msub>&lt;mo>'&lt;/mo>&lt;mo>=&lt;/mo>&lt;mi>y&lt;/mi>&lt;mo>'&lt;/mo>&lt;mo>'&lt;/mo>&lt;/mrow>&lt;/math>

</displayfeedback>
          </respcondition>
        </resprocessing>
        <itemfeedback ident="Week12_Q3">
          <material>
            <mattext texttype="text/html"> See the notes from Week 8 and 9 as a reminder. </mattext>
          </material>
        </itemfeedback>
      </item>
    </section>
  </objectbank>
</questestinterop>
