<?xml version="1.0" encoding="UTF-8"?>
<questestinterop>
  <objectbank ident="QLIB_50893" xmlns:d2l_2p0="http://desire2learn.com/xsd/d2lcp_v2p0">
    <section d2l_2p0:id="2" ident="SECT_119460" title="Week09">
      <sectionproc_extension>
        <d2l_2p0:display_section_name>no</d2l_2p0:display_section_name>
        <d2l_2p0:display_section_line>no</d2l_2p0:display_section_line>
        <d2l_2p0:type_display_section>0</d2l_2p0:type_display_section>
      </sectionproc_extension>
      <item d2l_2p0:id="3" d2l_2p0:page="1" ident="OBJ_115255" label="Week09_Q1" title="Week09_Q1">
        <itemmetadata>
          <qtimetadata>
            <qti_metadatafield>
              <fieldlabel>qmd_computerscored</fieldlabel>
              <fieldentry>yes</fieldentry>
            </qti_metadatafield>
            <qti_metadatafield>
              <fieldlabel>qmd_questiontype</fieldlabel>
              <fieldentry>Multiple Choice</fieldentry>
            </qti_metadatafield>
            <qti_metadatafield>
              <fieldlabel>qmd_weighting</fieldlabel>
              <fieldentry>1.000000000</fieldentry>
            </qti_metadatafield>
            <qti_metadatafield>
              <fieldlabel>qmd_globalid</fieldlabel>
              <fieldentry>8c61469b-13e8-4b17-825d-7a96d1cf3bdd</fieldentry>
            </qti_metadatafield>
            <qti_metadatafield>
              <fieldlabel>qmd_displayid</fieldlabel>
              <fieldentry>MNTC_P04 2015/16 W-396</fieldentry>
            </qti_metadatafield>
          </qtimetadata>
        </itemmetadata>
        <itemproc_extension>
          <d2l_2p0:difficulty>1</d2l_2p0:difficulty>
          <d2l_2p0:isbonus>no</d2l_2p0:isbonus>
          <d2l_2p0:ismandatory>no</d2l_2p0:ismandatory>
        </itemproc_extension>
        <presentation>
          <flow>
            <material>
              <mattext texttype="text/html">To generate a solution for (or simulate the behaviour of) the pendulum in MATLAB, where the torque equations give us the differential equation  &lt;br /> &lt;math xmlns="http://www.w3.org/1998/Math/MathML">&lt;mrow>&lt;mi>&amp;theta;&lt;/mi>&lt;mo>'&lt;/mo>&lt;mo>'&lt;/mo>&lt;mo>=&lt;/mo>&lt;mo>-&lt;/mo>&lt;msub>&lt;mi>a&lt;/mi>&lt;mn>1&lt;/mn>&lt;/msub>&lt;mi>sin&lt;/mi>&lt;mrow>&lt;mo form="prefix">(&lt;/mo>&lt;mi>&amp;theta;&lt;/mi>&lt;mo form="postfix">)&lt;/mo>&lt;/mrow>&lt;mo>-&lt;/mo>&lt;msub>&lt;mi>a&lt;/mi>&lt;mn>2&lt;/mn>&lt;/msub>&lt;mi>&amp;theta;&lt;/mi>&lt;mo>'&lt;/mo>&lt;/mrow>&lt;/math>, &lt;br /> what standard substitution would be used to create a new system of first-order DEs?

</mattext>
            </material>
            <response_extension>
              <d2l_2p0:display_style>2</d2l_2p0:display_style>
              <d2l_2p0:enumeration>6</d2l_2p0:enumeration>
              <d2l_2p0:grading_type>0</d2l_2p0:grading_type>
            </response_extension>
            <response_lid ident="Week09_Q1_LID" rcardinality="Single">
              <render_choice shuffle="no">
                <flow_label class="Block">
                  <response_label ident="Week09_QUES_1_ANS_1">
                    <flow_mat>
                      <material>
                        <mattext texttype="text/html">We let &lt;math xmlns="http://www.w3.org/1998/Math/MathML">&lt;mrow>&lt;msub>&lt;mi>w&lt;/mi>&lt;mn>1&lt;/mn>&lt;/msub>&lt;mo>=&lt;/mo>&lt;mi>t&lt;/mi>&lt;mo>,&lt;/mo>&lt;msub>&lt;mi>w&lt;/mi>&lt;mn>2&lt;/mn>&lt;/msub>&lt;mo>=&lt;/mo>&lt;mn>1&lt;/mn>&lt;/mrow>&lt;/math>.

</mattext>
                      </material>
                    </flow_mat>
                  </response_label>
                </flow_label>
                <flow_label class="Block">
                  <response_label ident="Week09_QUES_1_ANS_2">
                    <flow_mat>
                      <material>
                        <mattext texttype="text/html">We let &lt;math xmlns="http://www.w3.org/1998/Math/MathML">&lt;mrow>&lt;msub>&lt;mi>w&lt;/mi>&lt;mn>1&lt;/mn>&lt;/msub>&lt;mo>=&lt;/mo>&lt;mi>sin&lt;/mi>&lt;mrow>&lt;mo form="prefix">(&lt;/mo>&lt;mi>&amp;theta;&lt;/mi>&lt;mo form="postfix">)&lt;/mo>&lt;/mrow>&lt;mo>,&lt;/mo>&lt;msub>&lt;mi>w&lt;/mi>&lt;mn>2&lt;/mn>&lt;/msub>&lt;mo>=&lt;/mo>&lt;mi>&amp;theta;&lt;/mi>&lt;mo>'&lt;/mo>&lt;/mrow>&lt;/math>.

</mattext>
                      </material>
                    </flow_mat>
                  </response_label>
                </flow_label>
                <flow_label class="Block">
                  <response_label ident="Week09_QUES_1_ANS_3">
                    <flow_mat>
                      <material>
                        <mattext texttype="text/html">We let &lt;math xmlns="http://www.w3.org/1998/Math/MathML">&lt;mrow>&lt;msub>&lt;mi>w&lt;/mi>&lt;mn>1&lt;/mn>&lt;/msub>&lt;mo>=&lt;/mo>&lt;mi>&amp;theta;&lt;/mi>&lt;mo>,&lt;/mo>&lt;msub>&lt;mi>w&lt;/mi>&lt;mn>2&lt;/mn>&lt;/msub>&lt;mo>=&lt;/mo>&lt;mi>&amp;theta;&lt;/mi>&lt;mo>'&lt;/mo>&lt;/mrow>&lt;/math>.

</mattext>
                      </material>
                    </flow_mat>
                  </response_label>
                </flow_label>
                <flow_label class="Block">
                  <response_label ident="Week09_QUES_1_ANS_4">
                    <flow_mat>
                      <material>
                        <mattext texttype="text/html">We let &lt;math xmlns="http://www.w3.org/1998/Math/MathML">&lt;mrow>&lt;msub>&lt;mi>w&lt;/mi>&lt;mn>1&lt;/mn>&lt;/msub>&lt;mo>=&lt;/mo>&lt;mi>&amp;theta;&lt;/mi>&lt;mo>,&lt;/mo>&lt;msub>&lt;mi>w&lt;/mi>&lt;mn>2&lt;/mn>&lt;/msub>&lt;mo>=&lt;/mo>&lt;mn>1&lt;/mn>&lt;/mrow>&lt;/math>.

</mattext>
                      </material>
                    </flow_mat>
                  </response_label>
                </flow_label>
              </render_choice>
            </response_lid>
          </flow>
        </presentation>
        <resprocessing>
          <respcondition title="Response Condition 1">
            <conditionvar>
              <varequal respident="Week09_Q1_LID">Week09_QUES_1_ANS_1</varequal>
            </conditionvar>
            <setvar action="Set">0</setvar>
            <displayfeedback feedbacktype="Response" linkrefid="QUES_ANSWER_1">We let &lt;math xmlns="http://www.w3.org/1998/Math/MathML">&lt;mrow>&lt;msub>&lt;mi>w&lt;/mi>&lt;mn>1&lt;/mn>&lt;/msub>&lt;mo>=&lt;/mo>&lt;mi>t&lt;/mi>&lt;mo>,&lt;/mo>&lt;msub>&lt;mi>w&lt;/mi>&lt;mn>2&lt;/mn>&lt;/msub>&lt;mo>=&lt;/mo>&lt;mn>1&lt;/mn>&lt;/mrow>&lt;/math>.

</displayfeedback>
          </respcondition>
          <respcondition title="Response Condition 2">
            <conditionvar>
              <varequal respident="Week09_Q1_LID">Week09_QUES_1_ANS_2</varequal>
            </conditionvar>
            <setvar action="Set">0</setvar>
            <displayfeedback feedbacktype="Response" linkrefid="QUES_ANSWER_2">We let &lt;math xmlns="http://www.w3.org/1998/Math/MathML">&lt;mrow>&lt;msub>&lt;mi>w&lt;/mi>&lt;mn>1&lt;/mn>&lt;/msub>&lt;mo>=&lt;/mo>&lt;mi>sin&lt;/mi>&lt;mrow>&lt;mo form="prefix">(&lt;/mo>&lt;mi>&amp;theta;&lt;/mi>&lt;mo form="postfix">)&lt;/mo>&lt;/mrow>&lt;mo>,&lt;/mo>&lt;msub>&lt;mi>w&lt;/mi>&lt;mn>2&lt;/mn>&lt;/msub>&lt;mo>=&lt;/mo>&lt;mi>&amp;theta;&lt;/mi>&lt;mo>'&lt;/mo>&lt;/mrow>&lt;/math>.

</displayfeedback>
          </respcondition>
          <respcondition title="Response Condition 3">
            <conditionvar>
              <varequal respident="Week09_Q1_LID">Week09_QUES_1_ANS_3</varequal>
            </conditionvar>
            <setvar action="Set">100</setvar>
            <displayfeedback feedbacktype="Response" linkrefid="QUES_ANSWER_3">We let &lt;math xmlns="http://www.w3.org/1998/Math/MathML">&lt;mrow>&lt;msub>&lt;mi>w&lt;/mi>&lt;mn>1&lt;/mn>&lt;/msub>&lt;mo>=&lt;/mo>&lt;mi>&amp;theta;&lt;/mi>&lt;mo>,&lt;/mo>&lt;msub>&lt;mi>w&lt;/mi>&lt;mn>2&lt;/mn>&lt;/msub>&lt;mo>=&lt;/mo>&lt;mi>&amp;theta;&lt;/mi>&lt;mo>'&lt;/mo>&lt;/mrow>&lt;/math>.

</displayfeedback>
          </respcondition>
          <respcondition title="Response Condition 4">
            <conditionvar>
              <varequal respident="Week09_Q1_LID">Week09_QUES_1_ANS_4</varequal>
            </conditionvar>
            <setvar action="Set">0</setvar>
            <displayfeedback feedbacktype="Response" linkrefid="QUES_ANSWER_4">We let &lt;math xmlns="http://www.w3.org/1998/Math/MathML">&lt;mrow>&lt;msub>&lt;mi>w&lt;/mi>&lt;mn>1&lt;/mn>&lt;/msub>&lt;mo>=&lt;/mo>&lt;mi>&amp;theta;&lt;/mi>&lt;mo>,&lt;/mo>&lt;msub>&lt;mi>w&lt;/mi>&lt;mn>2&lt;/mn>&lt;/msub>&lt;mo>=&lt;/mo>&lt;mn>1&lt;/mn>&lt;/mrow>&lt;/math>.

</displayfeedback>
          </respcondition>
        </resprocessing>
        <itemfeedback ident="Week09_Q1">
          <material>
            <mattext texttype="text/html"> &lt;br /> The standard substitution has to be about the &lt;b>dependent variable&lt;/b> and its derivative.  We don't do any transformations of the variables in this step. </mattext>
          </material>
        </itemfeedback>
      </item>
      <item d2l_2p0:id="3" d2l_2p0:page="1" ident="OBJ_115255" label="Week09_Q2" title="Week09_Q2">
        <itemmetadata>
          <qtimetadata>
            <qti_metadatafield>
              <fieldlabel>qmd_computerscored</fieldlabel>
              <fieldentry>yes</fieldentry>
            </qti_metadatafield>
            <qti_metadatafield>
              <fieldlabel>qmd_questiontype</fieldlabel>
              <fieldentry>Multiple Choice</fieldentry>
            </qti_metadatafield>
            <qti_metadatafield>
              <fieldlabel>qmd_weighting</fieldlabel>
              <fieldentry>1.000000000</fieldentry>
            </qti_metadatafield>
            <qti_metadatafield>
              <fieldlabel>qmd_globalid</fieldlabel>
              <fieldentry>8c61469b-13e8-4b17-825d-7a96d1cf3bdd</fieldentry>
            </qti_metadatafield>
            <qti_metadatafield>
              <fieldlabel>qmd_displayid</fieldlabel>
              <fieldentry>MNTC_P04 2015/16 W-396</fieldentry>
            </qti_metadatafield>
          </qtimetadata>
        </itemmetadata>
        <itemproc_extension>
          <d2l_2p0:difficulty>1</d2l_2p0:difficulty>
          <d2l_2p0:isbonus>no</d2l_2p0:isbonus>
          <d2l_2p0:ismandatory>no</d2l_2p0:ismandatory>
        </itemproc_extension>
        <presentation>
          <flow>
            <material>
              <mattext texttype="text/html"> In the pendulum example, experimenting with trying to find the velocity that would push the pendulum "over the top", what was the &lt;b>only&lt;/b> thing that was changed in the MATLAB code during the experiment? </mattext>
            </material>
            <response_extension>
              <d2l_2p0:display_style>2</d2l_2p0:display_style>
              <d2l_2p0:enumeration>6</d2l_2p0:enumeration>
              <d2l_2p0:grading_type>0</d2l_2p0:grading_type>
            </response_extension>
            <response_lid ident="Week09_Q2_LID" rcardinality="Single">
              <render_choice shuffle="no">
                <flow_label class="Block">
                  <response_label ident="Week09_QUES_2_ANS_1">
                    <flow_mat>
                      <material>
                        <mattext texttype="text/html"> The differential equation variables.</mattext>
                      </material>
                    </flow_mat>
                  </response_label>
                </flow_label>
                <flow_label class="Block">
                  <response_label ident="Week09_QUES_2_ANS_2">
                    <flow_mat>
                      <material>
                        <mattext texttype="text/html"> The differential equation constants or parameters.</mattext>
                      </material>
                    </flow_mat>
                  </response_label>
                </flow_label>
                <flow_label class="Block">
                  <response_label ident="Week09_QUES_2_ANS_3">
                    <flow_mat>
                      <material>
                        <mattext texttype="text/html"> The time span.</mattext>
                      </material>
                    </flow_mat>
                  </response_label>
                </flow_label>
                <flow_label class="Block">
                  <response_label ident="Week09_QUES_2_ANS_4">
                    <flow_mat>
                      <material>
                        <mattext texttype="text/html"> The initial conditions.</mattext>
                      </material>
                    </flow_mat>
                  </response_label>
                </flow_label>
              </render_choice>
            </response_lid>
          </flow>
        </presentation>
        <resprocessing>
          <respcondition title="Response Condition 1">
            <conditionvar>
              <varequal respident="Week09_Q2_LID">Week09_QUES_2_ANS_1</varequal>
            </conditionvar>
            <setvar action="Set">0</setvar>
            <displayfeedback feedbacktype="Response" linkrefid="QUES_ANSWER_1"> The differential equation variables.</displayfeedback>
          </respcondition>
          <respcondition title="Response Condition 2">
            <conditionvar>
              <varequal respident="Week09_Q2_LID">Week09_QUES_2_ANS_2</varequal>
            </conditionvar>
            <setvar action="Set">0</setvar>
            <displayfeedback feedbacktype="Response" linkrefid="QUES_ANSWER_2"> The differential equation constants or parameters.</displayfeedback>
          </respcondition>
          <respcondition title="Response Condition 3">
            <conditionvar>
              <varequal respident="Week09_Q2_LID">Week09_QUES_2_ANS_3</varequal>
            </conditionvar>
            <setvar action="Set">0</setvar>
            <displayfeedback feedbacktype="Response" linkrefid="QUES_ANSWER_3"> The time span.</displayfeedback>
          </respcondition>
          <respcondition title="Response Condition 4">
            <conditionvar>
              <varequal respident="Week09_Q2_LID">Week09_QUES_2_ANS_4</varequal>
            </conditionvar>
            <setvar action="Set">100</setvar>
            <displayfeedback feedbacktype="Response" linkrefid="QUES_ANSWER_4"> The initial conditions.</displayfeedback>
          </respcondition>
        </resprocessing>
        <itemfeedback ident="Week09_Q2">
          <material>
            <mattext texttype="text/html"> We were experimenting with different &lt;b>initial&lt;/b> angular velocities, to see how quickly the pendulum had to be moving to push itself over the top. &lt;br /> The physical rules (Newton's 2nd Law) didn't change, so that meant that the differential equation would not change during the experiment. </mattext>
          </material>
        </itemfeedback>
      </item>
      <item d2l_2p0:id="3" d2l_2p0:page="1" ident="OBJ_115255" label="Week09_Q3" title="Week09_Q3">
        <itemmetadata>
          <qtimetadata>
            <qti_metadatafield>
              <fieldlabel>qmd_computerscored</fieldlabel>
              <fieldentry>yes</fieldentry>
            </qti_metadatafield>
            <qti_metadatafield>
              <fieldlabel>qmd_questiontype</fieldlabel>
              <fieldentry>Multiple Choice</fieldentry>
            </qti_metadatafield>
            <qti_metadatafield>
              <fieldlabel>qmd_weighting</fieldlabel>
              <fieldentry>1.000000000</fieldentry>
            </qti_metadatafield>
            <qti_metadatafield>
              <fieldlabel>qmd_globalid</fieldlabel>
              <fieldentry>8c61469b-13e8-4b17-825d-7a96d1cf3bdd</fieldentry>
            </qti_metadatafield>
            <qti_metadatafield>
              <fieldlabel>qmd_displayid</fieldlabel>
              <fieldentry>MNTC_P04 2015/16 W-396</fieldentry>
            </qti_metadatafield>
          </qtimetadata>
        </itemmetadata>
        <itemproc_extension>
          <d2l_2p0:difficulty>1</d2l_2p0:difficulty>
          <d2l_2p0:isbonus>no</d2l_2p0:isbonus>
          <d2l_2p0:ismandatory>no</d2l_2p0:ismandatory>
        </itemproc_extension>
        <presentation>
          <flow>
            <material>
              <mattext texttype="text/html">In the mixing model examples, when we converted from quantities &lt;math xmlns="http://www.w3.org/1998/Math/MathML">&lt;mrow>&lt;mi>Q&lt;/mi>&lt;/mrow>&lt;/math> to concentrations &lt;math xmlns="http://www.w3.org/1998/Math/MathML">&lt;mrow>&lt;mi>C&lt;/mi>&lt;/mrow>&lt;/math>, there were two forms seen for the derivative relationship: &lt;br /> (a) &lt;math xmlns="http://www.w3.org/1998/Math/MathML">&lt;mrow>&lt;mstyle displaystyle="true">&lt;mfrac linethickness="1">&lt;mrow>&lt;mi>d&lt;/mi>&lt;mi>C&lt;/mi>&lt;/mrow>&lt;mrow>&lt;mi>d&lt;/mi>&lt;mi>t&lt;/mi>&lt;/mrow>&lt;/mfrac>&lt;mo>=&lt;/mo>&lt;mfrac linethickness="1">&lt;mn>1&lt;/mn>&lt;mi>V&lt;/mi>&lt;/mfrac>&lt;mfrac linethickness="1">&lt;mrow>&lt;mi>d&lt;/mi>&lt;mi>Q&lt;/mi>&lt;/mrow>&lt;mrow>&lt;mi>d&lt;/mi>&lt;mi>t&lt;/mi>&lt;/mrow>&lt;/mfrac>&lt;/mstyle>&lt;/mrow>&lt;/math> &lt;br /> and &lt;br /> (b) &lt;math xmlns="http://www.w3.org/1998/Math/MathML">&lt;mrow>&lt;mstyle displaystyle="true">&lt;mfrac linethickness="1">&lt;mrow>&lt;mi>d&lt;/mi>&lt;mi>C&lt;/mi>&lt;/mrow>&lt;mrow>&lt;mi>d&lt;/mi>&lt;mi>t&lt;/mi>&lt;/mrow>&lt;/mfrac>&lt;mo>=&lt;/mo>&lt;mfrac linethickness="1">&lt;mrow>&lt;mfrac linethickness="1">&lt;mrow>&lt;mi>d&lt;/mi>&lt;mi>Q&lt;/mi>&lt;/mrow>&lt;mrow>&lt;mi>d&lt;/mi>&lt;mi>t&lt;/mi>&lt;/mrow>&lt;/mfrac>&lt;mi>V&lt;/mi>&lt;mo>-&lt;/mo>&lt;mi>Q&lt;/mi>&lt;mfrac linethickness="1">&lt;mrow>&lt;mi>d&lt;/mi>&lt;mi>V&lt;/mi>&lt;/mrow>&lt;mrow>&lt;mi>d&lt;/mi>&lt;mi>t&lt;/mi>&lt;/mrow>&lt;/mfrac>&lt;/mrow>&lt;mrow>&lt;msup>&lt;mi>V&lt;/mi>&lt;mn>2&lt;/mn>&lt;/msup>&lt;/mrow>&lt;/mfrac>&lt;/mstyle>&lt;/mrow>&lt;/math> &lt;br />

</mattext>
            </material>
            <response_extension>
              <d2l_2p0:display_style>2</d2l_2p0:display_style>
              <d2l_2p0:enumeration>6</d2l_2p0:enumeration>
              <d2l_2p0:grading_type>0</d2l_2p0:grading_type>
            </response_extension>
            <response_lid ident="Week09_Q3_LID" rcardinality="Single">
              <render_choice shuffle="no">
                <flow_label class="Block">
                  <response_label ident="Week09_QUES_3_ANS_1">
                    <flow_mat>
                      <material>
                        <mattext texttype="text/html"> Form (a) was correct for &lt;b>changing water volumes&lt;/b>, while (b) was correct for &lt;b>constant water volumes&lt;/b>.</mattext>
                      </material>
                    </flow_mat>
                  </response_label>
                </flow_label>
                <flow_label class="Block">
                  <response_label ident="Week09_QUES_3_ANS_2">
                    <flow_mat>
                      <material>
                        <mattext texttype="text/html"> Form (a) was correct for &lt;b>constant water volumes&lt;/b>, while (b) was correct for &lt;b>changing water volumes&lt;/b>.</mattext>
                      </material>
                    </flow_mat>
                  </response_label>
                </flow_label>
                <flow_label class="Block">
                  <response_label ident="Week09_QUES_3_ANS_3">
                    <flow_mat>
                      <material>
                        <mattext texttype="text/html"> Form (a) was correct for &lt;b>changing chemical amounts&lt;/b>, while (b) was correct for &lt;b>constant chemical amounts&lt;/b>.</mattext>
                      </material>
                    </flow_mat>
                  </response_label>
                </flow_label>
                <flow_label class="Block">
                  <response_label ident="Week09_QUES_3_ANS_4">
                    <flow_mat>
                      <material>
                        <mattext texttype="text/html"> Form (a) was correct for &lt;b>constant chemical amounts&lt;/b>, while (b) was correct for &lt;b>changing chemical amounts&lt;/b>.</mattext>
                      </material>
                    </flow_mat>
                  </response_label>
                </flow_label>
              </render_choice>
            </response_lid>
          </flow>
        </presentation>
        <resprocessing>
          <respcondition title="Response Condition 1">
            <conditionvar>
              <varequal respident="Week09_Q3_LID">Week09_QUES_3_ANS_1</varequal>
            </conditionvar>
            <setvar action="Set">0</setvar>
            <displayfeedback feedbacktype="Response" linkrefid="QUES_ANSWER_1"> Form (a) was correct for &lt;b>changing water volumes&lt;/b>, while (b) was correct for &lt;b>constant water volumes&lt;/b>.</displayfeedback>
          </respcondition>
          <respcondition title="Response Condition 2">
            <conditionvar>
              <varequal respident="Week09_Q3_LID">Week09_QUES_3_ANS_2</varequal>
            </conditionvar>
            <setvar action="Set">100</setvar>
            <displayfeedback feedbacktype="Response" linkrefid="QUES_ANSWER_2"> Form (a) was correct for &lt;b>constant water volumes&lt;/b>, while (b) was correct for &lt;b>changing water volumes&lt;/b>.</displayfeedback>
          </respcondition>
          <respcondition title="Response Condition 3">
            <conditionvar>
              <varequal respident="Week09_Q3_LID">Week09_QUES_3_ANS_3</varequal>
            </conditionvar>
            <setvar action="Set">0</setvar>
            <displayfeedback feedbacktype="Response" linkrefid="QUES_ANSWER_3"> Form (a) was correct for &lt;b>changing chemical amounts&lt;/b>, while (b) was correct for &lt;b>constant chemical amounts&lt;/b>.</displayfeedback>
          </respcondition>
          <respcondition title="Response Condition 4">
            <conditionvar>
              <varequal respident="Week09_Q3_LID">Week09_QUES_3_ANS_4</varequal>
            </conditionvar>
            <setvar action="Set">0</setvar>
            <displayfeedback feedbacktype="Response" linkrefid="QUES_ANSWER_4"> Form (a) was correct for &lt;b>constant chemical amounts&lt;/b>, while (b) was correct for &lt;b>changing chemical amounts&lt;/b>.</displayfeedback>
          </respcondition>
        </resprocessing>
        <itemfeedback ident="Week09_Q3">
          <material>
            <mattext texttype="text/html">In all cases, the relationship between concentration and amounts is given by &lt;br /> &lt;math xmlns="http://www.w3.org/1998/Math/MathML">&lt;mrow>&lt;mstyle displaystyle="true">&lt;mi>C&lt;/mi>&lt;mo>=&lt;/mo>&lt;mfrac linethickness="1">&lt;mi>Q&lt;/mi>&lt;mi>V&lt;/mi>&lt;/mfrac>&lt;/mstyle>&lt;/mrow>&lt;/math> &lt;br /> The difference arises when you differentiate both sides.   &lt;math xmlns="http://www.w3.org/1998/Math/MathML">&lt;mrow>&lt;mi>C&lt;/mi>&lt;/mrow>&lt;/math> and &lt;math xmlns="http://www.w3.org/1998/Math/MathML">&lt;mrow>&lt;mi>Q&lt;/mi>&lt;/mrow>&lt;/math> are always changing, but &lt;br /> if the volume &lt;math xmlns="http://www.w3.org/1998/Math/MathML">&lt;mrow>&lt;mi>V&lt;/mi>&lt;/mrow>&lt;/math> is constant, then the RHS derivative is simply (a) &lt;math xmlns="http://www.w3.org/1998/Math/MathML">&lt;mrow>&lt;mstyle displaystyle="true">&lt;mfrac linethickness="1">&lt;mrow>&lt;mi>d&lt;/mi>&lt;mi>C&lt;/mi>&lt;/mrow>&lt;mrow>&lt;mi>d&lt;/mi>&lt;mi>t&lt;/mi>&lt;/mrow>&lt;/mfrac>&lt;mo>=&lt;/mo>&lt;mfrac linethickness="1">&lt;mn>1&lt;/mn>&lt;mi>V&lt;/mi>&lt;/mfrac>&lt;mfrac linethickness="1">&lt;mrow>&lt;mi>d&lt;/mi>&lt;mi>Q&lt;/mi>&lt;/mrow>&lt;mrow>&lt;mi>d&lt;/mi>&lt;mi>t&lt;/mi>&lt;/mrow>&lt;/mfrac>&lt;/mstyle>&lt;/mrow>&lt;/math> &lt;br /> If the volume is changing with time though, we need to use the quotient rule, which gives  (b) &lt;math xmlns="http://www.w3.org/1998/Math/MathML">&lt;mrow>&lt;mstyle displaystyle="true">&lt;mfrac linethickness="1">&lt;mrow>&lt;mi>d&lt;/mi>&lt;mi>C&lt;/mi>&lt;/mrow>&lt;mrow>&lt;mi>d&lt;/mi>&lt;mi>t&lt;/mi>&lt;/mrow>&lt;/mfrac>&lt;mo>=&lt;/mo>&lt;mfrac linethickness="1">&lt;mrow>&lt;mfrac linethickness="1">&lt;mrow>&lt;mi>d&lt;/mi>&lt;mi>Q&lt;/mi>&lt;/mrow>&lt;mrow>&lt;mi>d&lt;/mi>&lt;mi>t&lt;/mi>&lt;/mrow>&lt;/mfrac>&lt;mi>V&lt;/mi>&lt;mo>-&lt;/mo>&lt;mi>Q&lt;/mi>&lt;mfrac linethickness="1">&lt;mrow>&lt;mi>d&lt;/mi>&lt;mi>V&lt;/mi>&lt;/mrow>&lt;mrow>&lt;mi>d&lt;/mi>&lt;mi>t&lt;/mi>&lt;/mrow>&lt;/mfrac>&lt;/mrow>&lt;mrow>&lt;msup>&lt;mi>V&lt;/mi>&lt;mn>2&lt;/mn>&lt;/msup>&lt;/mrow>&lt;/mfrac>&lt;/mstyle>&lt;/mrow>&lt;/math>.</mattext>
          </material>
        </itemfeedback>
      </item>
    </section>
  </objectbank>
</questestinterop>
