<?xml version="1.0" encoding="UTF-8"?>
<questestinterop>
  <objectbank ident="QLIB_50893" xmlns:d2l_2p0="http://desire2learn.com/xsd/d2lcp_v2p0">
    <section d2l_2p0:id="2" ident="SECT_119460" title="Week06">
      <sectionproc_extension>
        <d2l_2p0:display_section_name>no</d2l_2p0:display_section_name>
        <d2l_2p0:display_section_line>no</d2l_2p0:display_section_line>
        <d2l_2p0:type_display_section>0</d2l_2p0:type_display_section>
      </sectionproc_extension>
      <item d2l_2p0:id="3" d2l_2p0:page="1" ident="OBJ_115255" label="Week06_Q1" title="Week06_Q1">
        <itemmetadata>
          <qtimetadata>
            <qti_metadatafield>
              <fieldlabel>qmd_computerscored</fieldlabel>
              <fieldentry>yes</fieldentry>
            </qti_metadatafield>
            <qti_metadatafield>
              <fieldlabel>qmd_questiontype</fieldlabel>
              <fieldentry>Multiple Choice</fieldentry>
            </qti_metadatafield>
            <qti_metadatafield>
              <fieldlabel>qmd_weighting</fieldlabel>
              <fieldentry>1.000000000</fieldentry>
            </qti_metadatafield>
            <qti_metadatafield>
              <fieldlabel>qmd_globalid</fieldlabel>
              <fieldentry>8c61469b-13e8-4b17-825d-7a96d1cf3bdd</fieldentry>
            </qti_metadatafield>
            <qti_metadatafield>
              <fieldlabel>qmd_displayid</fieldlabel>
              <fieldentry>MNTC_P04 2015/16 W-396</fieldentry>
            </qti_metadatafield>
          </qtimetadata>
        </itemmetadata>
        <itemproc_extension>
          <d2l_2p0:difficulty>1</d2l_2p0:difficulty>
          <d2l_2p0:isbonus>no</d2l_2p0:isbonus>
          <d2l_2p0:ismandatory>no</d2l_2p0:ismandatory>
        </itemproc_extension>
        <presentation>
          <flow>
            <material>
              <mattext texttype="text/html"> When considering the calculation of the rate of heat transfer out of a cooling fin, why is an integral needed for the calculation? </mattext>
            </material>
            <response_extension>
              <d2l_2p0:display_style>2</d2l_2p0:display_style>
              <d2l_2p0:enumeration>6</d2l_2p0:enumeration>
              <d2l_2p0:grading_type>0</d2l_2p0:grading_type>
            </response_extension>
            <response_lid ident="Week06_Q1_LID" rcardinality="Single">
              <render_choice shuffle="no">
                <flow_label class="Block">
                  <response_label ident="Week06_QUES_1_ANS_1">
                    <flow_mat>
                      <material>
                        <mattext texttype="text/html"> Heat flow depends on the temperature of the fin, and the temperature along the fin is not constant.</mattext>
                      </material>
                    </flow_mat>
                  </response_label>
                </flow_label>
                <flow_label class="Block">
                  <response_label ident="Week06_QUES_1_ANS_2">
                    <flow_mat>
                      <material>
                        <mattext texttype="text/html"> Heat flow depends on the material of the fin, and the conduction along the fin is not constant.</mattext>
                      </material>
                    </flow_mat>
                  </response_label>
                </flow_label>
                <flow_label class="Block">
                  <response_label ident="Week06_QUES_1_ANS_3">
                    <flow_mat>
                      <material>
                        <mattext texttype="text/html"> Heat flow depends on the surface area of the fin, and the surface area diminishes as you approach the end of the fin.</mattext>
                      </material>
                    </flow_mat>
                  </response_label>
                </flow_label>
                <flow_label class="Block">
                  <response_label ident="Week06_QUES_1_ANS_4">
                    <flow_mat>
                      <material>
                        <mattext texttype="text/html"> Heat flow depends on the fluid around the fin, and the temperature of the fluid is not constant. </mattext>
                      </material>
                    </flow_mat>
                  </response_label>
                </flow_label>
              </render_choice>
            </response_lid>
          </flow>
        </presentation>
        <resprocessing>
          <respcondition title="Response Condition 1">
            <conditionvar>
              <varequal respident="Week06_Q1_LID">Week06_QUES_1_ANS_1</varequal>
            </conditionvar>
            <setvar action="Set">100</setvar>
            <displayfeedback feedbacktype="Response" linkrefid="QUES_ANSWER_1"> Heat flow depends on the temperature of the fin, and the temperature along the fin is not constant.</displayfeedback>
          </respcondition>
          <respcondition title="Response Condition 2">
            <conditionvar>
              <varequal respident="Week06_Q1_LID">Week06_QUES_1_ANS_2</varequal>
            </conditionvar>
            <setvar action="Set">0</setvar>
            <displayfeedback feedbacktype="Response" linkrefid="QUES_ANSWER_2"> Heat flow depends on the material of the fin, and the conduction along the fin is not constant.</displayfeedback>
          </respcondition>
          <respcondition title="Response Condition 3">
            <conditionvar>
              <varequal respident="Week06_Q1_LID">Week06_QUES_1_ANS_3</varequal>
            </conditionvar>
            <setvar action="Set">0</setvar>
            <displayfeedback feedbacktype="Response" linkrefid="QUES_ANSWER_3"> Heat flow depends on the surface area of the fin, and the surface area diminishes as you approach the end of the fin.</displayfeedback>
          </respcondition>
          <respcondition title="Response Condition 4">
            <conditionvar>
              <varequal respident="Week06_Q1_LID">Week06_QUES_1_ANS_4</varequal>
            </conditionvar>
            <setvar action="Set">0</setvar>
            <displayfeedback feedbacktype="Response" linkrefid="QUES_ANSWER_4"> Heat flow depends on the fluid around the fin, and the temperature of the fluid is not constant. </displayfeedback>
          </respcondition>
        </resprocessing>
        <itemfeedback ident="Week06_Q1">
          <material>
            <mattext texttype="text/html">&lt;br /> Assuming a fin is made out of one material, the conduction &lt;it>coefficient&lt;/it> is the constant, so the process of conduction doesn't change. &lt;br /> Most fins have a constant cross-section and constant surface area &lt;it>per unit of length&lt;/it> so we can't say there is 'less' surface area towards the tip.  &lt;br /> You could make a better case for changing temperature of the fluid, but typically we assume a single constant temperature for the fluid, &lt;math xmlns="http://www.w3.org/1998/Math/MathML">&lt;mrow>&lt;msub>&lt;mi>T&lt;/mi>&lt;mo>&amp;infin;&lt;/mo>&lt;/msub>&lt;/mrow>&lt;/math>, which is appropriate if the fluid (e.g. air, oil, water) around the fin is being mixed or it is flowing over the fin.</mattext>
          </material>
        </itemfeedback>
      </item>
      <item d2l_2p0:id="3" d2l_2p0:page="1" ident="OBJ_115255" label="Week06_Q2" title="Week06_Q2">
        <itemmetadata>
          <qtimetadata>
            <qti_metadatafield>
              <fieldlabel>qmd_computerscored</fieldlabel>
              <fieldentry>yes</fieldentry>
            </qti_metadatafield>
            <qti_metadatafield>
              <fieldlabel>qmd_questiontype</fieldlabel>
              <fieldentry>Multiple Choice</fieldentry>
            </qti_metadatafield>
            <qti_metadatafield>
              <fieldlabel>qmd_weighting</fieldlabel>
              <fieldentry>1.000000000</fieldentry>
            </qti_metadatafield>
            <qti_metadatafield>
              <fieldlabel>qmd_globalid</fieldlabel>
              <fieldentry>8c61469b-13e8-4b17-825d-7a96d1cf3bdd</fieldentry>
            </qti_metadatafield>
            <qti_metadatafield>
              <fieldlabel>qmd_displayid</fieldlabel>
              <fieldentry>MNTC_P04 2015/16 W-396</fieldentry>
            </qti_metadatafield>
          </qtimetadata>
        </itemmetadata>
        <itemproc_extension>
          <d2l_2p0:difficulty>1</d2l_2p0:difficulty>
          <d2l_2p0:isbonus>no</d2l_2p0:isbonus>
          <d2l_2p0:ismandatory>no</d2l_2p0:ismandatory>
        </itemproc_extension>
        <presentation>
          <flow>
            <material>
              <mattext texttype="text/html">If you used the &lt;tt>integral&lt;/tt> function in MATLAB to evaluate the integral &lt;math xmlns="http://www.w3.org/1998/Math/MathML">&lt;mrow>&lt;mstyle displaystyle="true">&lt;munderover>&lt;mo>&amp;int;&lt;/mo>&lt;mi>a&lt;/mi>&lt;mi>b&lt;/mi>&lt;/munderover>&lt;/mstyle>&lt;mi>f&lt;/mi>&lt;mrow>&lt;mo form="prefix">(&lt;/mo>&lt;mi>x&lt;/mi>&lt;mo form="postfix">)&lt;/mo>&lt;/mrow>&lt;mi>&amp;nbsp;&lt;/mi>&lt;mi>d&lt;/mi>&lt;mi>x&lt;/mi>&lt;/mrow>&lt;/math>, &lt;br /> what basic process is it using to evaluate the integral?

</mattext>
            </material>
            <response_extension>
              <d2l_2p0:display_style>2</d2l_2p0:display_style>
              <d2l_2p0:enumeration>6</d2l_2p0:enumeration>
              <d2l_2p0:grading_type>0</d2l_2p0:grading_type>
            </response_extension>
            <response_lid ident="Week06_Q2_LID" rcardinality="Single">
              <render_choice shuffle="no">
                <flow_label class="Block">
                  <response_label ident="Week06_QUES_2_ANS_1">
                    <flow_mat>
                      <material>
                        <mattext texttype="text/html">The anti-derivative of &lt;math xmlns="http://www.w3.org/1998/Math/MathML">&lt;mrow>&lt;mi>f&lt;/mi>&lt;mrow>&lt;mo form="prefix">(&lt;/mo>&lt;mi>x&lt;/mi>&lt;mo form="postfix">)&lt;/mo>&lt;/mrow>&lt;/mrow>&lt;/math>is computed to find &lt;math xmlns="http://www.w3.org/1998/Math/MathML">&lt;mrow>&lt;mi>F&lt;/mi>&lt;mrow>&lt;mo form="prefix">(&lt;/mo>&lt;mi>x&lt;/mi>&lt;mo form="postfix">)&lt;/mo>&lt;/mrow>&lt;/mrow>&lt;/math>, and then integral limits are then subbed in to &lt;math xmlns="http://www.w3.org/1998/Math/MathML">&lt;mrow>&lt;mi>F&lt;/mi>&lt;mrow>&lt;mo form="prefix">(&lt;/mo>&lt;mi>x&lt;/mi>&lt;mo form="postfix">)&lt;/mo>&lt;/mrow>&lt;/mrow>&lt;/math>.

</mattext>
                      </material>
                    </flow_mat>
                  </response_label>
                </flow_label>
                <flow_label class="Block">
                  <response_label ident="Week06_QUES_2_ANS_2">
                    <flow_mat>
                      <material>
                        <mattext texttype="text/html">The area under the curve is computed through a graph of &lt;math xmlns="http://www.w3.org/1998/Math/MathML">&lt;mrow>&lt;mi>f&lt;/mi>&lt;mrow>&lt;mo form="prefix">(&lt;/mo>&lt;mi>x&lt;/mi>&lt;mo form="postfix">)&lt;/mo>&lt;/mrow>&lt;/mrow>&lt;/math>, and the resulting area is the integral value.

</mattext>
                      </material>
                    </flow_mat>
                  </response_label>
                </flow_label>
                <flow_label class="Block">
                  <response_label ident="Week06_QUES_2_ANS_3">
                    <flow_mat>
                      <material>
                        <mattext texttype="text/html">The fuction &lt;math xmlns="http://www.w3.org/1998/Math/MathML">&lt;mrow>&lt;mi>f&lt;/mi>&lt;mrow>&lt;mo form="prefix">(&lt;/mo>&lt;mi>x&lt;/mi>&lt;mo form="postfix">)&lt;/mo>&lt;/mrow>&lt;/mrow>&lt;/math> is evaluated at many points between &lt;math xmlns="http://www.w3.org/1998/Math/MathML">&lt;mrow>&lt;mi>x&lt;/mi>&lt;mo>=&lt;/mo>&lt;mi>a&lt;/mi>&lt;/mrow>&lt;/math> and &lt;math xmlns="http://www.w3.org/1998/Math/MathML">&lt;mrow>&lt;mi>x&lt;/mi>&lt;mo>=&lt;/mo>&lt;mi>b&lt;/mi>&lt;/mrow>&lt;/math>, then the integral

</mattext>
                      </material>
                    </flow_mat>
                  </response_label>
                </flow_label>
                <flow_label class="Block">
                  <response_label ident="Week06_QUES_2_ANS_4">
                    <flow_mat>
                      <material>
                        <mattext texttype="text/html">is estimated using formulas like &lt;math xmlns="http://www.w3.org/1998/Math/MathML">&lt;mrow>&lt;mstyle displaystyle="true">&lt;mo>&amp;sum;&lt;/mo>&lt;/mstyle>&lt;mi>f&lt;/mi>&lt;mrow>&lt;mo form="prefix">(&lt;/mo>&lt;msub>&lt;mi>x&lt;/mi>&lt;mi>i&lt;/mi>&lt;/msub>&lt;mo form="postfix">)&lt;/mo>&lt;/mrow>&lt;mi>&amp;nbsp;&lt;/mi>&lt;mi>&amp;Delta;&lt;/mi>&lt;mi>x&lt;/mi>&lt;/mrow>&lt;/math>

</mattext>
                      </material>
                    </flow_mat>
                  </response_label>
                </flow_label>
              </render_choice>
            </response_lid>
          </flow>
        </presentation>
        <resprocessing>
          <respcondition title="Response Condition 1">
            <conditionvar>
              <varequal respident="Week06_Q2_LID">Week06_QUES_2_ANS_1</varequal>
            </conditionvar>
            <setvar action="Set">0</setvar>
            <displayfeedback feedbacktype="Response" linkrefid="QUES_ANSWER_1">The anti-derivative of &lt;math xmlns="http://www.w3.org/1998/Math/MathML">&lt;mrow>&lt;mi>f&lt;/mi>&lt;mrow>&lt;mo form="prefix">(&lt;/mo>&lt;mi>x&lt;/mi>&lt;mo form="postfix">)&lt;/mo>&lt;/mrow>&lt;/mrow>&lt;/math>is computed to find &lt;math xmlns="http://www.w3.org/1998/Math/MathML">&lt;mrow>&lt;mi>F&lt;/mi>&lt;mrow>&lt;mo form="prefix">(&lt;/mo>&lt;mi>x&lt;/mi>&lt;mo form="postfix">)&lt;/mo>&lt;/mrow>&lt;/mrow>&lt;/math>, and then integral limits are then subbed in to &lt;math xmlns="http://www.w3.org/1998/Math/MathML">&lt;mrow>&lt;mi>F&lt;/mi>&lt;mrow>&lt;mo form="prefix">(&lt;/mo>&lt;mi>x&lt;/mi>&lt;mo form="postfix">)&lt;/mo>&lt;/mrow>&lt;/mrow>&lt;/math>.

</displayfeedback>
          </respcondition>
          <respcondition title="Response Condition 2">
            <conditionvar>
              <varequal respident="Week06_Q2_LID">Week06_QUES_2_ANS_2</varequal>
            </conditionvar>
            <setvar action="Set">0</setvar>
            <displayfeedback feedbacktype="Response" linkrefid="QUES_ANSWER_2">The area under the curve is computed through a graph of &lt;math xmlns="http://www.w3.org/1998/Math/MathML">&lt;mrow>&lt;mi>f&lt;/mi>&lt;mrow>&lt;mo form="prefix">(&lt;/mo>&lt;mi>x&lt;/mi>&lt;mo form="postfix">)&lt;/mo>&lt;/mrow>&lt;/mrow>&lt;/math>, and the resulting area is the integral value.

</displayfeedback>
          </respcondition>
          <respcondition title="Response Condition 3">
            <conditionvar>
              <varequal respident="Week06_Q2_LID">Week06_QUES_2_ANS_3</varequal>
            </conditionvar>
            <setvar action="Set">100</setvar>
            <displayfeedback feedbacktype="Response" linkrefid="QUES_ANSWER_3">The fuction &lt;math xmlns="http://www.w3.org/1998/Math/MathML">&lt;mrow>&lt;mi>f&lt;/mi>&lt;mrow>&lt;mo form="prefix">(&lt;/mo>&lt;mi>x&lt;/mi>&lt;mo form="postfix">)&lt;/mo>&lt;/mrow>&lt;/mrow>&lt;/math> is evaluated at many points between &lt;math xmlns="http://www.w3.org/1998/Math/MathML">&lt;mrow>&lt;mi>x&lt;/mi>&lt;mo>=&lt;/mo>&lt;mi>a&lt;/mi>&lt;/mrow>&lt;/math> and &lt;math xmlns="http://www.w3.org/1998/Math/MathML">&lt;mrow>&lt;mi>x&lt;/mi>&lt;mo>=&lt;/mo>&lt;mi>b&lt;/mi>&lt;/mrow>&lt;/math>, then the integral

</displayfeedback>
          </respcondition>
          <respcondition title="Response Condition 4">
            <conditionvar>
              <varequal respident="Week06_Q2_LID">Week06_QUES_2_ANS_4</varequal>
            </conditionvar>
            <setvar action="Set">0</setvar>
            <displayfeedback feedbacktype="Response" linkrefid="QUES_ANSWER_4">is estimated using formulas like &lt;math xmlns="http://www.w3.org/1998/Math/MathML">&lt;mrow>&lt;mstyle displaystyle="true">&lt;mo>&amp;sum;&lt;/mo>&lt;/mstyle>&lt;mi>f&lt;/mi>&lt;mrow>&lt;mo form="prefix">(&lt;/mo>&lt;msub>&lt;mi>x&lt;/mi>&lt;mi>i&lt;/mi>&lt;/msub>&lt;mo form="postfix">)&lt;/mo>&lt;/mrow>&lt;mi>&amp;nbsp;&lt;/mi>&lt;mi>&amp;Delta;&lt;/mi>&lt;mi>x&lt;/mi>&lt;/mrow>&lt;/math>

</displayfeedback>
          </respcondition>
        </resprocessing>
        <itemfeedback ident="Week06_Q2">
          <material>
            <mattext texttype="text/html"> &lt;br /> When computing integrals by hand or exactly, an anti-derivative is computed, and the integral limits are then subbed in.  That is not a numerical approach though, and MATLAB can't be used to compute anti-derivative functions. &lt;br /> Numerical calculations are not usually tied directly to graphs, though graphs can help us understand the idea underlying the calculation or formula being used. </mattext>
          </material>
        </itemfeedback>
      </item>
      <item d2l_2p0:id="3" d2l_2p0:page="1" ident="OBJ_115255" label="Week06_Q3" title="Week06_Q3">
        <itemmetadata>
          <qtimetadata>
            <qti_metadatafield>
              <fieldlabel>qmd_computerscored</fieldlabel>
              <fieldentry>yes</fieldentry>
            </qti_metadatafield>
            <qti_metadatafield>
              <fieldlabel>qmd_questiontype</fieldlabel>
              <fieldentry>Multiple Choice</fieldentry>
            </qti_metadatafield>
            <qti_metadatafield>
              <fieldlabel>qmd_weighting</fieldlabel>
              <fieldentry>1.000000000</fieldentry>
            </qti_metadatafield>
            <qti_metadatafield>
              <fieldlabel>qmd_globalid</fieldlabel>
              <fieldentry>8c61469b-13e8-4b17-825d-7a96d1cf3bdd</fieldentry>
            </qti_metadatafield>
            <qti_metadatafield>
              <fieldlabel>qmd_displayid</fieldlabel>
              <fieldentry>MNTC_P04 2015/16 W-396</fieldentry>
            </qti_metadatafield>
          </qtimetadata>
        </itemmetadata>
        <itemproc_extension>
          <d2l_2p0:difficulty>1</d2l_2p0:difficulty>
          <d2l_2p0:isbonus>no</d2l_2p0:isbonus>
          <d2l_2p0:ismandatory>no</d2l_2p0:ismandatory>
        </itemproc_extension>
        <presentation>
          <flow>
            <material>
              <mattext texttype="text/html">You are travelling with velocity &lt;math xmlns="http://www.w3.org/1998/Math/MathML">&lt;mrow>&lt;mi>v&lt;/mi>&lt;mrow>&lt;mo form="prefix">(&lt;/mo>&lt;mi>t&lt;/mi>&lt;mo form="postfix">)&lt;/mo>&lt;/mrow>&lt;/mrow>&lt;/math> over the time interval &lt;math xmlns="http://www.w3.org/1998/Math/MathML">&lt;mrow>&lt;mo form="prefix">[&lt;/mo>&lt;mi>a&lt;/mi>&lt;mo>,&lt;/mo>&lt;mi>b&lt;/mi>&lt;mo form="postfix">]&lt;/mo>&lt;/mrow>&lt;/math>. &lt;br /> Your position over that time is given by &lt;math xmlns="http://www.w3.org/1998/Math/MathML">&lt;mrow>&lt;mi>s&lt;/mi>&lt;mrow>&lt;mo form="prefix">(&lt;/mo>&lt;mi>t&lt;/mi>&lt;mo form="postfix">)&lt;/mo>&lt;/mrow>&lt;/mrow>&lt;/math>. &lt;br /> Which of the following represent your average velocity over the time interval &lt;math xmlns="http://www.w3.org/1998/Math/MathML">&lt;mrow>&lt;mo form="prefix">[&lt;/mo>&lt;mi>a&lt;/mi>&lt;mo>,&lt;/mo>&lt;mi>b&lt;/mi>&lt;mo form="postfix">]&lt;/mo>&lt;/mrow>&lt;/math>?

</mattext>
            </material>
            <response_extension>
              <d2l_2p0:display_style>2</d2l_2p0:display_style>
              <d2l_2p0:enumeration>6</d2l_2p0:enumeration>
              <d2l_2p0:grading_type>0</d2l_2p0:grading_type>
            </response_extension>
            <response_lid ident="Week06_Q3_LID" rcardinality="Single">
              <render_choice shuffle="no">
                <flow_label class="Block">
                  <response_label ident="Week06_QUES_3_ANS_1">
                    <flow_mat>
                      <material>
                        <mattext texttype="text/html">&lt;math xmlns="http://www.w3.org/1998/Math/MathML">&lt;mrow>&lt;mstyle displaystyle="true">&lt;mfrac linethickness="1">&lt;mrow>&lt;mi>b&lt;/mi>&lt;mo>-&lt;/mo>&lt;mi>a&lt;/mi>&lt;/mrow>&lt;mrow>&lt;mrow>&lt;mi>s&lt;/mi>&lt;mrow>&lt;mo form="prefix">(&lt;/mo>&lt;mi>b&lt;/mi>&lt;mo form="postfix">)&lt;/mo>&lt;/mrow>&lt;mo>-&lt;/mo>&lt;mi>s&lt;/mi>&lt;mrow>&lt;mo form="prefix">(&lt;/mo>&lt;mi>a&lt;/mi>&lt;mo form="postfix">)&lt;/mo>&lt;/mrow>&lt;/mrow>&lt;/mrow>&lt;/mfrac>&lt;/mstyle>&lt;/mrow>&lt;/math>

</mattext>
                      </material>
                    </flow_mat>
                  </response_label>
                </flow_label>
                <flow_label class="Block">
                  <response_label ident="Week06_QUES_3_ANS_2">
                    <flow_mat>
                      <material>
                        <mattext texttype="text/html">&lt;math xmlns="http://www.w3.org/1998/Math/MathML">&lt;mrow>&lt;mstyle displaystyle="true">&lt;mfrac linethickness="1">&lt;mn>1&lt;/mn>&lt;mrow>&lt;mi>b&lt;/mi>&lt;mo>-&lt;/mo>&lt;mi>a&lt;/mi>&lt;/mrow>&lt;/mfrac>&lt;mstyle displaystyle="true">&lt;munderover>&lt;mo>&amp;int;&lt;/mo>&lt;mi>a&lt;/mi>&lt;mi>b&lt;/mi>&lt;/munderover>&lt;/mstyle>&lt;mi>s&lt;/mi>&lt;mrow>&lt;mo form="prefix">(&lt;/mo>&lt;mi>t&lt;/mi>&lt;mo form="postfix">)&lt;/mo>&lt;/mrow>&lt;mspace width="0.278em" />&lt;mi>d&lt;/mi>&lt;mi>t&lt;/mi>&lt;/mstyle>&lt;/mrow>&lt;/math>

</mattext>
                      </material>
                    </flow_mat>
                  </response_label>
                </flow_label>
                <flow_label class="Block">
                  <response_label ident="Week06_QUES_3_ANS_3">
                    <flow_mat>
                      <material>
                        <mattext texttype="text/html">&lt;math xmlns="http://www.w3.org/1998/Math/MathML">&lt;mrow>&lt;mstyle displaystyle="true">&lt;mfrac linethickness="1">&lt;mrow>&lt;mrow>&lt;mi>v&lt;/mi>&lt;mrow>&lt;mo form="prefix">(&lt;/mo>&lt;mi>b&lt;/mi>&lt;mo form="postfix">)&lt;/mo>&lt;/mrow>&lt;mo>-&lt;/mo>&lt;mi>v&lt;/mi>&lt;mrow>&lt;mo form="prefix">(&lt;/mo>&lt;mi>a&lt;/mi>&lt;mo form="postfix">)&lt;/mo>&lt;/mrow>&lt;/mrow>&lt;/mrow>&lt;mrow>&lt;mi>b&lt;/mi>&lt;mo>-&lt;/mo>&lt;mi>a&lt;/mi>&lt;/mrow>&lt;/mfrac>&lt;/mstyle>&lt;/mrow>&lt;/math>

</mattext>
                      </material>
                    </flow_mat>
                  </response_label>
                </flow_label>
                <flow_label class="Block">
                  <response_label ident="Week06_QUES_3_ANS_4">
                    <flow_mat>
                      <material>
                        <mattext texttype="text/html">&lt;math xmlns="http://www.w3.org/1998/Math/MathML">&lt;mrow>&lt;mstyle displaystyle="true">&lt;mfrac linethickness="1">&lt;mn>1&lt;/mn>&lt;mrow>&lt;mi>b&lt;/mi>&lt;mo>-&lt;/mo>&lt;mi>a&lt;/mi>&lt;/mrow>&lt;/mfrac>&lt;mstyle displaystyle="true">&lt;munderover>&lt;mo>&amp;int;&lt;/mo>&lt;mi>a&lt;/mi>&lt;mi>b&lt;/mi>&lt;/munderover>&lt;/mstyle>&lt;mi>v&lt;/mi>&lt;mrow>&lt;mo form="prefix">(&lt;/mo>&lt;mi>t&lt;/mi>&lt;mo form="postfix">)&lt;/mo>&lt;/mrow>&lt;mspace width="0.278em" />&lt;mi>d&lt;/mi>&lt;mi>t&lt;/mi>&lt;/mstyle>&lt;/mrow>&lt;/math>

</mattext>
                      </material>
                    </flow_mat>
                  </response_label>
                </flow_label>
              </render_choice>
            </response_lid>
          </flow>
        </presentation>
        <resprocessing>
          <respcondition title="Response Condition 1">
            <conditionvar>
              <varequal respident="Week06_Q3_LID">Week06_QUES_3_ANS_1</varequal>
            </conditionvar>
            <setvar action="Set">0</setvar>
            <displayfeedback feedbacktype="Response" linkrefid="QUES_ANSWER_1">&lt;math xmlns="http://www.w3.org/1998/Math/MathML">&lt;mrow>&lt;mstyle displaystyle="true">&lt;mfrac linethickness="1">&lt;mrow>&lt;mi>b&lt;/mi>&lt;mo>-&lt;/mo>&lt;mi>a&lt;/mi>&lt;/mrow>&lt;mrow>&lt;mrow>&lt;mi>s&lt;/mi>&lt;mrow>&lt;mo form="prefix">(&lt;/mo>&lt;mi>b&lt;/mi>&lt;mo form="postfix">)&lt;/mo>&lt;/mrow>&lt;mo>-&lt;/mo>&lt;mi>s&lt;/mi>&lt;mrow>&lt;mo form="prefix">(&lt;/mo>&lt;mi>a&lt;/mi>&lt;mo form="postfix">)&lt;/mo>&lt;/mrow>&lt;/mrow>&lt;/mrow>&lt;/mfrac>&lt;/mstyle>&lt;/mrow>&lt;/math>

</displayfeedback>
          </respcondition>
          <respcondition title="Response Condition 2">
            <conditionvar>
              <varequal respident="Week06_Q3_LID">Week06_QUES_3_ANS_2</varequal>
            </conditionvar>
            <setvar action="Set">0</setvar>
            <displayfeedback feedbacktype="Response" linkrefid="QUES_ANSWER_2">&lt;math xmlns="http://www.w3.org/1998/Math/MathML">&lt;mrow>&lt;mstyle displaystyle="true">&lt;mfrac linethickness="1">&lt;mn>1&lt;/mn>&lt;mrow>&lt;mi>b&lt;/mi>&lt;mo>-&lt;/mo>&lt;mi>a&lt;/mi>&lt;/mrow>&lt;/mfrac>&lt;mstyle displaystyle="true">&lt;munderover>&lt;mo>&amp;int;&lt;/mo>&lt;mi>a&lt;/mi>&lt;mi>b&lt;/mi>&lt;/munderover>&lt;/mstyle>&lt;mi>s&lt;/mi>&lt;mrow>&lt;mo form="prefix">(&lt;/mo>&lt;mi>t&lt;/mi>&lt;mo form="postfix">)&lt;/mo>&lt;/mrow>&lt;mspace width="0.278em" />&lt;mi>d&lt;/mi>&lt;mi>t&lt;/mi>&lt;/mstyle>&lt;/mrow>&lt;/math>

</displayfeedback>
          </respcondition>
          <respcondition title="Response Condition 3">
            <conditionvar>
              <varequal respident="Week06_Q3_LID">Week06_QUES_3_ANS_3</varequal>
            </conditionvar>
            <setvar action="Set">0</setvar>
            <displayfeedback feedbacktype="Response" linkrefid="QUES_ANSWER_3">&lt;math xmlns="http://www.w3.org/1998/Math/MathML">&lt;mrow>&lt;mstyle displaystyle="true">&lt;mfrac linethickness="1">&lt;mrow>&lt;mrow>&lt;mi>v&lt;/mi>&lt;mrow>&lt;mo form="prefix">(&lt;/mo>&lt;mi>b&lt;/mi>&lt;mo form="postfix">)&lt;/mo>&lt;/mrow>&lt;mo>-&lt;/mo>&lt;mi>v&lt;/mi>&lt;mrow>&lt;mo form="prefix">(&lt;/mo>&lt;mi>a&lt;/mi>&lt;mo form="postfix">)&lt;/mo>&lt;/mrow>&lt;/mrow>&lt;/mrow>&lt;mrow>&lt;mi>b&lt;/mi>&lt;mo>-&lt;/mo>&lt;mi>a&lt;/mi>&lt;/mrow>&lt;/mfrac>&lt;/mstyle>&lt;/mrow>&lt;/math>

</displayfeedback>
          </respcondition>
          <respcondition title="Response Condition 4">
            <conditionvar>
              <varequal respident="Week06_Q3_LID">Week06_QUES_3_ANS_4</varequal>
            </conditionvar>
            <setvar action="Set">100</setvar>
            <displayfeedback feedbacktype="Response" linkrefid="QUES_ANSWER_4">&lt;math xmlns="http://www.w3.org/1998/Math/MathML">&lt;mrow>&lt;mstyle displaystyle="true">&lt;mfrac linethickness="1">&lt;mn>1&lt;/mn>&lt;mrow>&lt;mi>b&lt;/mi>&lt;mo>-&lt;/mo>&lt;mi>a&lt;/mi>&lt;/mrow>&lt;/mfrac>&lt;mstyle displaystyle="true">&lt;munderover>&lt;mo>&amp;int;&lt;/mo>&lt;mi>a&lt;/mi>&lt;mi>b&lt;/mi>&lt;/munderover>&lt;/mstyle>&lt;mi>v&lt;/mi>&lt;mrow>&lt;mo form="prefix">(&lt;/mo>&lt;mi>t&lt;/mi>&lt;mo form="postfix">)&lt;/mo>&lt;/mrow>&lt;mspace width="0.278em" />&lt;mi>d&lt;/mi>&lt;mi>t&lt;/mi>&lt;/mstyle>&lt;/mrow>&lt;/math>

</displayfeedback>
          </respcondition>
        </resprocessing>
        <itemfeedback ident="Week06_Q3">
          <material>
            <mattext texttype="text/html"> &lt;br /> Given the velocity function, you can find the average velocity using the averaging of a function formula: &lt;br /> integral of the velocity, which gives total distance travelled here, divided by the size of the time interval. </mattext>
          </material>
        </itemfeedback>
      </item>
    </section>
  </objectbank>
</questestinterop>
