<?xml version="1.0" encoding="UTF-8"?>
<questestinterop>
  <objectbank ident="QLIB_50893" xmlns:d2l_2p0="http://desire2learn.com/xsd/d2lcp_v2p0">
    <section d2l_2p0:id="2" ident="SECT_119460" title="Week11">
      <sectionproc_extension>
        <d2l_2p0:display_section_name>no</d2l_2p0:display_section_name>
        <d2l_2p0:display_section_line>no</d2l_2p0:display_section_line>
        <d2l_2p0:type_display_section>0</d2l_2p0:type_display_section>
      </sectionproc_extension>
      <item d2l_2p0:id="3" d2l_2p0:page="1" ident="OBJ_115255" label="Week11_Q1" title="Week11_Q1">
        <itemmetadata>
          <qtimetadata>
            <qti_metadatafield>
              <fieldlabel>qmd_computerscored</fieldlabel>
              <fieldentry>yes</fieldentry>
            </qti_metadatafield>
            <qti_metadatafield>
              <fieldlabel>qmd_questiontype</fieldlabel>
              <fieldentry>Multiple Choice</fieldentry>
            </qti_metadatafield>
            <qti_metadatafield>
              <fieldlabel>qmd_weighting</fieldlabel>
              <fieldentry>1.000000000</fieldentry>
            </qti_metadatafield>
            <qti_metadatafield>
              <fieldlabel>qmd_globalid</fieldlabel>
              <fieldentry>8c61469b-13e8-4b17-825d-7a96d1cf3bdd</fieldentry>
            </qti_metadatafield>
            <qti_metadatafield>
              <fieldlabel>qmd_displayid</fieldlabel>
              <fieldentry>MNTC_P04 2015/16 W-396</fieldentry>
            </qti_metadatafield>
          </qtimetadata>
        </itemmetadata>
        <itemproc_extension>
          <d2l_2p0:difficulty>1</d2l_2p0:difficulty>
          <d2l_2p0:isbonus>no</d2l_2p0:isbonus>
          <d2l_2p0:ismandatory>no</d2l_2p0:ismandatory>
        </itemproc_extension>
        <presentation>
          <flow>
            <material>
              <mattext texttype="text/html">Turn the following system into an augmented matrix. &lt;math xmlns="http://www.w3.org/1998/Math/MathML">&lt;mrow>&lt;mtable class="m-array">&lt;mtr>&lt;mtd columnalign="left">&lt;mo>-&lt;/mo>&lt;mn>10&lt;/mn>&lt;mi>a&lt;/mi>&lt;mo>+&lt;/mo>&lt;mn>4&lt;/mn>&lt;mi>b&lt;/mi>&lt;/mtd>&lt;mtd columnalign="left">&lt;mo>=&lt;/mo>&lt;/mtd>&lt;mtd columnalign="left">&lt;mn>3&lt;/mn>&lt;mo>-&lt;/mo>&lt;mi>c&lt;/mi>&lt;/mtd>&lt;/mtr>&lt;mtr>&lt;mtd columnalign="left">&lt;mi>a&lt;/mi>&lt;mo>+&lt;/mo>&lt;mi>c&lt;/mi>&lt;mo>+&lt;/mo>&lt;mi>b&lt;/mi>&lt;/mtd>&lt;mtd columnalign="left">&lt;mo>=&lt;/mo>&lt;/mtd>&lt;mtd columnalign="left">&lt;mn>0&lt;/mn>&lt;/mtd>&lt;/mtr>&lt;mtr>&lt;mtd columnalign="left">&lt;mn>2&lt;/mn>&lt;mo>+&lt;/mo>&lt;mi>b&lt;/mi>&lt;mo>-&lt;/mo>&lt;mi>c&lt;/mi>&lt;mo>-&lt;/mo>&lt;mi>a&lt;/mi>&lt;/mtd>&lt;mtd columnalign="left">&lt;mo>=&lt;/mo>&lt;/mtd>&lt;mtd columnalign="left">&lt;mi>a&lt;/mi>&lt;mo>+&lt;/mo>&lt;mn>4&lt;/mn>&lt;/mtd>&lt;/mtr>&lt;/mtable>&lt;/mrow>&lt;/math>

</mattext>
            </material>
            <response_extension>
              <d2l_2p0:display_style>2</d2l_2p0:display_style>
              <d2l_2p0:enumeration>6</d2l_2p0:enumeration>
              <d2l_2p0:grading_type>0</d2l_2p0:grading_type>
            </response_extension>
            <response_lid ident="Week11_Q1_LID" rcardinality="Single">
              <render_choice shuffle="no">
                <flow_label class="Block">
                  <response_label ident="Week11_QUES_1_ANS_1">
                    <flow_mat>
                      <material>
                        <mattext texttype="text/html">&lt;math xmlns="http://www.w3.org/1998/Math/MathML">&lt;mrow>&lt;mstyle displaystyle="true">&lt;mrow>&lt;mo rspace="0.3em" lspace="0em" stretchy="true" fence="true" form="prefix">(&lt;/mo>&lt;mtable class="m-array">&lt;mtr>&lt;mtd columnalign="left">&lt;mrow>ccc&lt;mo>|&lt;/mo>&lt;mi>c&lt;/mi>&lt;/mrow>&lt;mo>-&lt;/mo>&lt;mn>10&lt;/mn>&lt;/mtd>&lt;mtd columnalign="left">&lt;mn>4&lt;/mn>&lt;/mtd>&lt;mtd columnalign="left">&lt;mo>-&lt;/mo>&lt;mn>1&lt;/mn>&lt;/mtd>&lt;mtd columnalign="left">&lt;mn>3&lt;/mn>&lt;/mtd>&lt;/mtr>&lt;mtr>&lt;mtd columnalign="left">&lt;mn>1&lt;/mn>&lt;/mtd>&lt;mtd columnalign="left">&lt;mn>1&lt;/mn>&lt;/mtd>&lt;mtd columnalign="left">&lt;mn>1&lt;/mn>&lt;/mtd>&lt;mtd columnalign="left">&lt;mn>0&lt;/mn>&lt;/mtd>&lt;/mtr>&lt;mtr>&lt;mtd columnalign="left">&lt;mn>2&lt;/mn>&lt;/mtd>&lt;mtd columnalign="left">&lt;mn>1&lt;/mn>&lt;/mtd>&lt;mtd columnalign="left">&lt;mo>-&lt;/mo>&lt;mn>1&lt;/mn>&lt;/mtd>&lt;mtd columnalign="left">&lt;mn>2&lt;/mn>&lt;/mtd>&lt;/mtr>&lt;/mtable>&lt;mo rspace="0em" lspace="0.3em" stretchy="true" fence="true" form="postfix">)&lt;/mo>&lt;/mrow>&lt;/mstyle>&lt;/mrow>&lt;/math>

</mattext>
                      </material>
                    </flow_mat>
                  </response_label>
                </flow_label>
                <flow_label class="Block">
                  <response_label ident="Week11_QUES_1_ANS_2">
                    <flow_mat>
                      <material>
                        <mattext texttype="text/html">&lt;math xmlns="http://www.w3.org/1998/Math/MathML">&lt;mrow>&lt;mstyle displaystyle="true">&lt;mrow>&lt;mo rspace="0.3em" lspace="0em" stretchy="true" fence="true" form="prefix">(&lt;/mo>&lt;mtable class="m-array">&lt;mtr>&lt;mtd columnalign="left">&lt;mrow>ccc&lt;mo>|&lt;/mo>&lt;mi>c&lt;/mi>&lt;/mrow>&lt;mo>-&lt;/mo>&lt;mn>10&lt;/mn>&lt;/mtd>&lt;mtd columnalign="left">&lt;mn>4&lt;/mn>&lt;/mtd>&lt;mtd columnalign="left">&lt;mn>1&lt;/mn>&lt;/mtd>&lt;mtd columnalign="left">&lt;mn>3&lt;/mn>&lt;/mtd>&lt;/mtr>&lt;mtr>&lt;mtd columnalign="left">&lt;mn>1&lt;/mn>&lt;/mtd>&lt;mtd columnalign="left">&lt;mn>1&lt;/mn>&lt;/mtd>&lt;mtd columnalign="left">&lt;mn>1&lt;/mn>&lt;/mtd>&lt;mtd columnalign="left">&lt;mn>0&lt;/mn>&lt;/mtd>&lt;/mtr>&lt;mtr>&lt;mtd columnalign="left">&lt;mn>0&lt;/mn>&lt;/mtd>&lt;mtd columnalign="left">&lt;mn>1&lt;/mn>&lt;/mtd>&lt;mtd columnalign="left">&lt;mo>-&lt;/mo>&lt;mn>1&lt;/mn>&lt;/mtd>&lt;mtd columnalign="left">&lt;mo>-&lt;/mo>&lt;mn>2&lt;/mn>&lt;/mtd>&lt;/mtr>&lt;/mtable>&lt;mo rspace="0em" lspace="0.3em" stretchy="true" fence="true" form="postfix">)&lt;/mo>&lt;/mrow>&lt;/mstyle>&lt;/mrow>&lt;/math>

</mattext>
                      </material>
                    </flow_mat>
                  </response_label>
                </flow_label>
                <flow_label class="Block">
                  <response_label ident="Week11_QUES_1_ANS_3">
                    <flow_mat>
                      <material>
                        <mattext texttype="text/html">&lt;math xmlns="http://www.w3.org/1998/Math/MathML">&lt;mrow>&lt;mstyle displaystyle="true">&lt;mrow>&lt;mo rspace="0.3em" lspace="0em" stretchy="true" fence="true" form="prefix">(&lt;/mo>&lt;mtable class="m-array">&lt;mtr>&lt;mtd columnalign="left">&lt;mrow>ccc&lt;mo>|&lt;/mo>&lt;mi>c&lt;/mi>&lt;/mrow>&lt;mo>-&lt;/mo>&lt;mn>10&lt;/mn>&lt;/mtd>&lt;mtd columnalign="left">&lt;mn>4&lt;/mn>&lt;/mtd>&lt;mtd columnalign="left">&lt;mn>1&lt;/mn>&lt;/mtd>&lt;mtd columnalign="left">&lt;mn>3&lt;/mn>&lt;/mtd>&lt;/mtr>&lt;mtr>&lt;mtd columnalign="left">&lt;mn>1&lt;/mn>&lt;/mtd>&lt;mtd columnalign="left">&lt;mn>1&lt;/mn>&lt;/mtd>&lt;mtd columnalign="left">&lt;mn>1&lt;/mn>&lt;/mtd>&lt;mtd columnalign="left">&lt;mn>0&lt;/mn>&lt;/mtd>&lt;/mtr>&lt;mtr>&lt;mtd columnalign="left">&lt;mo>-&lt;/mo>&lt;mn>2&lt;/mn>&lt;/mtd>&lt;mtd columnalign="left">&lt;mn>1&lt;/mn>&lt;/mtd>&lt;mtd columnalign="left">&lt;mo>-&lt;/mo>&lt;mn>1&lt;/mn>&lt;/mtd>&lt;mtd columnalign="left">&lt;mn>2&lt;/mn>&lt;/mtd>&lt;/mtr>&lt;/mtable>&lt;mo rspace="0em" lspace="0.3em" stretchy="true" fence="true" form="postfix">)&lt;/mo>&lt;/mrow>&lt;/mstyle>&lt;/mrow>&lt;/math>

</mattext>
                      </material>
                    </flow_mat>
                  </response_label>
                </flow_label>
              </render_choice>
            </response_lid>
          </flow>
        </presentation>
        <resprocessing>
          <respcondition title="Response Condition 1">
            <conditionvar>
              <varequal respident="Week11_Q1_LID">Week11_QUES_1_ANS_1</varequal>
            </conditionvar>
            <setvar action="Set">0</setvar>
            <displayfeedback feedbacktype="Response" linkrefid="QUES_ANSWER_1">&lt;math xmlns="http://www.w3.org/1998/Math/MathML">&lt;mrow>&lt;mstyle displaystyle="true">&lt;mrow>&lt;mo rspace="0.3em" lspace="0em" stretchy="true" fence="true" form="prefix">(&lt;/mo>&lt;mtable class="m-array">&lt;mtr>&lt;mtd columnalign="left">&lt;mrow>ccc&lt;mo>|&lt;/mo>&lt;mi>c&lt;/mi>&lt;/mrow>&lt;mo>-&lt;/mo>&lt;mn>10&lt;/mn>&lt;/mtd>&lt;mtd columnalign="left">&lt;mn>4&lt;/mn>&lt;/mtd>&lt;mtd columnalign="left">&lt;mo>-&lt;/mo>&lt;mn>1&lt;/mn>&lt;/mtd>&lt;mtd columnalign="left">&lt;mn>3&lt;/mn>&lt;/mtd>&lt;/mtr>&lt;mtr>&lt;mtd columnalign="left">&lt;mn>1&lt;/mn>&lt;/mtd>&lt;mtd columnalign="left">&lt;mn>1&lt;/mn>&lt;/mtd>&lt;mtd columnalign="left">&lt;mn>1&lt;/mn>&lt;/mtd>&lt;mtd columnalign="left">&lt;mn>0&lt;/mn>&lt;/mtd>&lt;/mtr>&lt;mtr>&lt;mtd columnalign="left">&lt;mn>2&lt;/mn>&lt;/mtd>&lt;mtd columnalign="left">&lt;mn>1&lt;/mn>&lt;/mtd>&lt;mtd columnalign="left">&lt;mo>-&lt;/mo>&lt;mn>1&lt;/mn>&lt;/mtd>&lt;mtd columnalign="left">&lt;mn>2&lt;/mn>&lt;/mtd>&lt;/mtr>&lt;/mtable>&lt;mo rspace="0em" lspace="0.3em" stretchy="true" fence="true" form="postfix">)&lt;/mo>&lt;/mrow>&lt;/mstyle>&lt;/mrow>&lt;/math>

</displayfeedback>
          </respcondition>
          <respcondition title="Response Condition 2">
            <conditionvar>
              <varequal respident="Week11_Q1_LID">Week11_QUES_1_ANS_2</varequal>
            </conditionvar>
            <setvar action="Set">0</setvar>
            <displayfeedback feedbacktype="Response" linkrefid="QUES_ANSWER_2">&lt;math xmlns="http://www.w3.org/1998/Math/MathML">&lt;mrow>&lt;mstyle displaystyle="true">&lt;mrow>&lt;mo rspace="0.3em" lspace="0em" stretchy="true" fence="true" form="prefix">(&lt;/mo>&lt;mtable class="m-array">&lt;mtr>&lt;mtd columnalign="left">&lt;mrow>ccc&lt;mo>|&lt;/mo>&lt;mi>c&lt;/mi>&lt;/mrow>&lt;mo>-&lt;/mo>&lt;mn>10&lt;/mn>&lt;/mtd>&lt;mtd columnalign="left">&lt;mn>4&lt;/mn>&lt;/mtd>&lt;mtd columnalign="left">&lt;mn>1&lt;/mn>&lt;/mtd>&lt;mtd columnalign="left">&lt;mn>3&lt;/mn>&lt;/mtd>&lt;/mtr>&lt;mtr>&lt;mtd columnalign="left">&lt;mn>1&lt;/mn>&lt;/mtd>&lt;mtd columnalign="left">&lt;mn>1&lt;/mn>&lt;/mtd>&lt;mtd columnalign="left">&lt;mn>1&lt;/mn>&lt;/mtd>&lt;mtd columnalign="left">&lt;mn>0&lt;/mn>&lt;/mtd>&lt;/mtr>&lt;mtr>&lt;mtd columnalign="left">&lt;mn>0&lt;/mn>&lt;/mtd>&lt;mtd columnalign="left">&lt;mn>1&lt;/mn>&lt;/mtd>&lt;mtd columnalign="left">&lt;mo>-&lt;/mo>&lt;mn>1&lt;/mn>&lt;/mtd>&lt;mtd columnalign="left">&lt;mo>-&lt;/mo>&lt;mn>2&lt;/mn>&lt;/mtd>&lt;/mtr>&lt;/mtable>&lt;mo rspace="0em" lspace="0.3em" stretchy="true" fence="true" form="postfix">)&lt;/mo>&lt;/mrow>&lt;/mstyle>&lt;/mrow>&lt;/math>

</displayfeedback>
          </respcondition>
          <respcondition title="Response Condition 3">
            <conditionvar>
              <varequal respident="Week11_Q1_LID">Week11_QUES_1_ANS_3</varequal>
            </conditionvar>
            <setvar action="Set">100</setvar>
            <displayfeedback feedbacktype="Response" linkrefid="QUES_ANSWER_3">&lt;math xmlns="http://www.w3.org/1998/Math/MathML">&lt;mrow>&lt;mstyle displaystyle="true">&lt;mrow>&lt;mo rspace="0.3em" lspace="0em" stretchy="true" fence="true" form="prefix">(&lt;/mo>&lt;mtable class="m-array">&lt;mtr>&lt;mtd columnalign="left">&lt;mrow>ccc&lt;mo>|&lt;/mo>&lt;mi>c&lt;/mi>&lt;/mrow>&lt;mo>-&lt;/mo>&lt;mn>10&lt;/mn>&lt;/mtd>&lt;mtd columnalign="left">&lt;mn>4&lt;/mn>&lt;/mtd>&lt;mtd columnalign="left">&lt;mn>1&lt;/mn>&lt;/mtd>&lt;mtd columnalign="left">&lt;mn>3&lt;/mn>&lt;/mtd>&lt;/mtr>&lt;mtr>&lt;mtd columnalign="left">&lt;mn>1&lt;/mn>&lt;/mtd>&lt;mtd columnalign="left">&lt;mn>1&lt;/mn>&lt;/mtd>&lt;mtd columnalign="left">&lt;mn>1&lt;/mn>&lt;/mtd>&lt;mtd columnalign="left">&lt;mn>0&lt;/mn>&lt;/mtd>&lt;/mtr>&lt;mtr>&lt;mtd columnalign="left">&lt;mo>-&lt;/mo>&lt;mn>2&lt;/mn>&lt;/mtd>&lt;mtd columnalign="left">&lt;mn>1&lt;/mn>&lt;/mtd>&lt;mtd columnalign="left">&lt;mo>-&lt;/mo>&lt;mn>1&lt;/mn>&lt;/mtd>&lt;mtd columnalign="left">&lt;mn>2&lt;/mn>&lt;/mtd>&lt;/mtr>&lt;/mtable>&lt;mo rspace="0em" lspace="0.3em" stretchy="true" fence="true" form="postfix">)&lt;/mo>&lt;/mrow>&lt;/mstyle>&lt;/mrow>&lt;/math>

</displayfeedback>
          </respcondition>
        </resprocessing>
        <itemfeedback ident="Week11_Q1">
          <material>
            <mattext texttype="text/html"> Remember to keep everything in the same order in each equation </mattext>
          </material>
        </itemfeedback>
      </item>
      <item d2l_2p0:id="3" d2l_2p0:page="1" ident="OBJ_115255" label="Week11_Q2" title="Week11_Q2">
        <itemmetadata>
          <qtimetadata>
            <qti_metadatafield>
              <fieldlabel>qmd_computerscored</fieldlabel>
              <fieldentry>yes</fieldentry>
            </qti_metadatafield>
            <qti_metadatafield>
              <fieldlabel>qmd_questiontype</fieldlabel>
              <fieldentry>Multiple Choice</fieldentry>
            </qti_metadatafield>
            <qti_metadatafield>
              <fieldlabel>qmd_weighting</fieldlabel>
              <fieldentry>1.000000000</fieldentry>
            </qti_metadatafield>
            <qti_metadatafield>
              <fieldlabel>qmd_globalid</fieldlabel>
              <fieldentry>8c61469b-13e8-4b17-825d-7a96d1cf3bdd</fieldentry>
            </qti_metadatafield>
            <qti_metadatafield>
              <fieldlabel>qmd_displayid</fieldlabel>
              <fieldentry>MNTC_P04 2015/16 W-396</fieldentry>
            </qti_metadatafield>
          </qtimetadata>
        </itemmetadata>
        <itemproc_extension>
          <d2l_2p0:difficulty>1</d2l_2p0:difficulty>
          <d2l_2p0:isbonus>no</d2l_2p0:isbonus>
          <d2l_2p0:ismandatory>no</d2l_2p0:ismandatory>
        </itemproc_extension>
        <presentation>
          <flow>
            <material>
              <mattext texttype="text/html">If &lt;math xmlns="http://www.w3.org/1998/Math/MathML">&lt;mrow>&lt;mi mathvariant="bold">A&lt;/mi>&lt;mo>=&lt;/mo>&lt;mrow>&lt;mo rspace="0.3em" lspace="0em" stretchy="true" fence="true" form="prefix">(&lt;/mo>&lt;mtable class="m-pmatrix">&lt;mtr>&lt;mtd>&lt;mn>2&lt;/mn>&lt;/mtd>&lt;mtd>&lt;mn>3&lt;/mn>&lt;/mtd>&lt;/mtr>&lt;mtr>&lt;mtd>&lt;mn>1&lt;/mn>&lt;/mtd>&lt;mtd>&lt;mn>2&lt;/mn>&lt;/mtd>&lt;/mtr>&lt;/mtable>&lt;mo rspace="0em" lspace="0.3em" stretchy="true" fence="true" form="postfix">)&lt;/mo>&lt;/mrow>&lt;mi mathvariant="bold">B&lt;/mi>&lt;mo>=&lt;/mo>&lt;mrow>&lt;mo rspace="0.3em" lspace="0em" stretchy="true" fence="true" form="prefix">(&lt;/mo>&lt;mtable class="m-pmatrix">&lt;mtr>&lt;mtd>&lt;mo>-&lt;/mo>&lt;mn>1&lt;/mn>&lt;/mtd>&lt;mtd>&lt;mo>-&lt;/mo>&lt;mn>1&lt;/mn>&lt;/mtd>&lt;/mtr>&lt;mtr>&lt;mtd>&lt;mn>2&lt;/mn>&lt;/mtd>&lt;mtd>&lt;mo>-&lt;/mo>&lt;mn>3&lt;/mn>&lt;/mtd>&lt;/mtr>&lt;/mtable>&lt;mo rspace="0em" lspace="0.3em" stretchy="true" fence="true" form="postfix">)&lt;/mo>&lt;/mrow>&lt;/mrow>&lt;/math> and &lt;math xmlns="http://www.w3.org/1998/Math/MathML">&lt;mrow>&lt;mover accent="true">&lt;mi>v&lt;/mi>&lt;mo stretchy="true">&amp;xrarr;&lt;/mo>&lt;/mover>&lt;mo>=&lt;/mo>&lt;mrow>&lt;mo rspace="0.3em" lspace="0em" stretchy="true" fence="true" form="prefix">[&lt;/mo>&lt;mtable class="m-bmatrix">&lt;mtr>&lt;mtd>&lt;mo>-&lt;/mo>&lt;mn>2&lt;/mn>&lt;/mtd>&lt;/mtr>&lt;mtr>&lt;mtd>&lt;mo>-&lt;/mo>&lt;mn>1&lt;/mn>&lt;/mtd>&lt;/mtr>&lt;/mtable>&lt;mo rspace="0em" lspace="0.3em" stretchy="true" fence="true" form="postfix">]&lt;/mo>&lt;/mrow>&lt;/mrow>&lt;/math>, find &lt;math xmlns="http://www.w3.org/1998/Math/MathML">&lt;mrow>&lt;mi mathvariant="bold">B&lt;/mi>&lt;mi mathvariant="bold">A&lt;/mi>&lt;mi mathvariant="bold">B&lt;/mi>&lt;mover accent="true">&lt;mi>v&lt;/mi>&lt;mo stretchy="true">&amp;xrarr;&lt;/mo>&lt;/mover>&lt;/mrow>&lt;/math>.

</mattext>
            </material>
            <response_extension>
              <d2l_2p0:display_style>2</d2l_2p0:display_style>
              <d2l_2p0:enumeration>6</d2l_2p0:enumeration>
              <d2l_2p0:grading_type>0</d2l_2p0:grading_type>
            </response_extension>
            <response_lid ident="Week11_Q2_LID" rcardinality="Single">
              <render_choice shuffle="no">
                <flow_label class="Block">
                  <response_label ident="Week11_QUES_2_ANS_1">
                    <flow_mat>
                      <material>
                        <mattext texttype="text/html">&lt;math xmlns="http://www.w3.org/1998/Math/MathML">&lt;mrow>&lt;mstyle displaystyle="true">&lt;mrow>&lt;mo rspace="0.3em" lspace="0em" stretchy="true" fence="true" form="prefix">[&lt;/mo>&lt;mtable class="m-bmatrix">&lt;mtr>&lt;mtd>&lt;mo>-&lt;/mo>&lt;mn>4&lt;/mn>&lt;/mtd>&lt;/mtr>&lt;mtr>&lt;mtd>&lt;mn>3&lt;/mn>&lt;/mtd>&lt;/mtr>&lt;/mtable>&lt;mo rspace="0em" lspace="0.3em" stretchy="true" fence="true" form="postfix">]&lt;/mo>&lt;/mrow>&lt;/mstyle>&lt;/mrow>&lt;/math>

</mattext>
                      </material>
                    </flow_mat>
                  </response_label>
                </flow_label>
                <flow_label class="Block">
                  <response_label ident="Week11_QUES_2_ANS_2">
                    <flow_mat>
                      <material>
                        <mattext texttype="text/html">&lt;math xmlns="http://www.w3.org/1998/Math/MathML">&lt;mrow>&lt;mstyle displaystyle="true">&lt;mrow>&lt;mo rspace="0.3em" lspace="0em" stretchy="true" fence="true" form="prefix">[&lt;/mo>&lt;mtable class="m-bmatrix">&lt;mtr>&lt;mtd>&lt;mn>4&lt;/mn>\&lt;mo>-&lt;/mo>&lt;mn>3&lt;/mn>&lt;/mtd>&lt;/mtr>&lt;/mtable>&lt;mo rspace="0em" lspace="0.3em" stretchy="true" fence="true" form="postfix">]&lt;/mo>&lt;/mrow>&lt;/mstyle>&lt;/mrow>&lt;/math>

</mattext>
                      </material>
                    </flow_mat>
                  </response_label>
                </flow_label>
                <flow_label class="Block">
                  <response_label ident="Week11_QUES_2_ANS_3">
                    <flow_mat>
                      <material>
                        <mattext texttype="text/html">&lt;math xmlns="http://www.w3.org/1998/Math/MathML">&lt;mrow>&lt;mstyle displaystyle="true">&lt;mrow>&lt;mo rspace="0.3em" lspace="0em" stretchy="true" fence="true" form="prefix">[&lt;/mo>&lt;mtable class="m-bmatrix">&lt;mtr>&lt;mtd>&lt;mn>0&lt;/mn>&lt;/mtd>&lt;/mtr>&lt;mtr>&lt;mtd>&lt;mn>0&lt;/mn>&lt;/mtd>&lt;/mtr>&lt;/mtable>&lt;mo rspace="0em" lspace="0.3em" stretchy="true" fence="true" form="postfix">]&lt;/mo>&lt;/mrow>&lt;/mstyle>&lt;/mrow>&lt;/math>

</mattext>
                      </material>
                    </flow_mat>
                  </response_label>
                </flow_label>
              </render_choice>
            </response_lid>
          </flow>
        </presentation>
        <resprocessing>
          <respcondition title="Response Condition 1">
            <conditionvar>
              <varequal respident="Week11_Q2_LID">Week11_QUES_2_ANS_1</varequal>
            </conditionvar>
            <setvar action="Set">100</setvar>
            <displayfeedback feedbacktype="Response" linkrefid="QUES_ANSWER_1">&lt;math xmlns="http://www.w3.org/1998/Math/MathML">&lt;mrow>&lt;mstyle displaystyle="true">&lt;mrow>&lt;mo rspace="0.3em" lspace="0em" stretchy="true" fence="true" form="prefix">[&lt;/mo>&lt;mtable class="m-bmatrix">&lt;mtr>&lt;mtd>&lt;mo>-&lt;/mo>&lt;mn>4&lt;/mn>&lt;/mtd>&lt;/mtr>&lt;mtr>&lt;mtd>&lt;mn>3&lt;/mn>&lt;/mtd>&lt;/mtr>&lt;/mtable>&lt;mo rspace="0em" lspace="0.3em" stretchy="true" fence="true" form="postfix">]&lt;/mo>&lt;/mrow>&lt;/mstyle>&lt;/mrow>&lt;/math>

</displayfeedback>
          </respcondition>
          <respcondition title="Response Condition 2">
            <conditionvar>
              <varequal respident="Week11_Q2_LID">Week11_QUES_2_ANS_2</varequal>
            </conditionvar>
            <setvar action="Set">0</setvar>
            <displayfeedback feedbacktype="Response" linkrefid="QUES_ANSWER_2">&lt;math xmlns="http://www.w3.org/1998/Math/MathML">&lt;mrow>&lt;mstyle displaystyle="true">&lt;mrow>&lt;mo rspace="0.3em" lspace="0em" stretchy="true" fence="true" form="prefix">[&lt;/mo>&lt;mtable class="m-bmatrix">&lt;mtr>&lt;mtd>&lt;mn>4&lt;/mn>\&lt;mo>-&lt;/mo>&lt;mn>3&lt;/mn>&lt;/mtd>&lt;/mtr>&lt;/mtable>&lt;mo rspace="0em" lspace="0.3em" stretchy="true" fence="true" form="postfix">]&lt;/mo>&lt;/mrow>&lt;/mstyle>&lt;/mrow>&lt;/math>

</displayfeedback>
          </respcondition>
          <respcondition title="Response Condition 3">
            <conditionvar>
              <varequal respident="Week11_Q2_LID">Week11_QUES_2_ANS_3</varequal>
            </conditionvar>
            <setvar action="Set">0</setvar>
            <displayfeedback feedbacktype="Response" linkrefid="QUES_ANSWER_3">&lt;math xmlns="http://www.w3.org/1998/Math/MathML">&lt;mrow>&lt;mstyle displaystyle="true">&lt;mrow>&lt;mo rspace="0.3em" lspace="0em" stretchy="true" fence="true" form="prefix">[&lt;/mo>&lt;mtable class="m-bmatrix">&lt;mtr>&lt;mtd>&lt;mn>0&lt;/mn>&lt;/mtd>&lt;/mtr>&lt;mtr>&lt;mtd>&lt;mn>0&lt;/mn>&lt;/mtd>&lt;/mtr>&lt;/mtable>&lt;mo rspace="0em" lspace="0.3em" stretchy="true" fence="true" form="postfix">]&lt;/mo>&lt;/mrow>&lt;/mstyle>&lt;/mrow>&lt;/math>

</displayfeedback>
          </respcondition>
        </resprocessing>
        <itemfeedback ident="Week11_Q2">
          <material>
            <mattext texttype="text/html"> Remember that order of matrix and vector multiplication really matters! </mattext>
          </material>
        </itemfeedback>
      </item>
      <item d2l_2p0:id="3" d2l_2p0:page="1" ident="OBJ_115255" label="Week11_Q3" title="Week11_Q3">
        <itemmetadata>
          <qtimetadata>
            <qti_metadatafield>
              <fieldlabel>qmd_computerscored</fieldlabel>
              <fieldentry>yes</fieldentry>
            </qti_metadatafield>
            <qti_metadatafield>
              <fieldlabel>qmd_questiontype</fieldlabel>
              <fieldentry>Multiple Choice</fieldentry>
            </qti_metadatafield>
            <qti_metadatafield>
              <fieldlabel>qmd_weighting</fieldlabel>
              <fieldentry>1.000000000</fieldentry>
            </qti_metadatafield>
            <qti_metadatafield>
              <fieldlabel>qmd_globalid</fieldlabel>
              <fieldentry>8c61469b-13e8-4b17-825d-7a96d1cf3bdd</fieldentry>
            </qti_metadatafield>
            <qti_metadatafield>
              <fieldlabel>qmd_displayid</fieldlabel>
              <fieldentry>MNTC_P04 2015/16 W-396</fieldentry>
            </qti_metadatafield>
          </qtimetadata>
        </itemmetadata>
        <itemproc_extension>
          <d2l_2p0:difficulty>1</d2l_2p0:difficulty>
          <d2l_2p0:isbonus>no</d2l_2p0:isbonus>
          <d2l_2p0:ismandatory>no</d2l_2p0:ismandatory>
        </itemproc_extension>
        <presentation>
          <flow>
            <material>
              <mattext texttype="text/html">Does &lt;math xmlns="http://www.w3.org/1998/Math/MathML">&lt;mrow>&lt;mi mathvariant="bold">A&lt;/mi>&lt;mo>=&lt;/mo>&lt;mrow>&lt;mo rspace="0.3em" lspace="0em" stretchy="true" fence="true" form="prefix">(&lt;/mo>&lt;mtable class="m-pmatrix">&lt;mtr>&lt;mtd>&lt;mo>-&lt;/mo>&lt;mn>1&lt;/mn>&lt;/mtd>&lt;mtd>&lt;mn>2&lt;/mn>&lt;/mtd>&lt;mtd>&lt;mo>-&lt;/mo>&lt;mn>1&lt;/mn>&lt;/mtd>&lt;mtd>&lt;mn>2&lt;/mn>&lt;/mtd>&lt;/mtr>&lt;mtr>&lt;mtd>&lt;mn>3&lt;/mn>&lt;/mtd>&lt;mtd>&lt;mn>1&lt;/mn>&lt;/mtd>&lt;mtd>&lt;mn>4&lt;/mn>&lt;/mtd>&lt;mtd>&lt;mn>7&lt;/mn>&lt;/mtd>&lt;/mtr>&lt;mtr>&lt;mtd>&lt;mn>8&lt;/mn>&lt;/mtd>&lt;mtd>&lt;mo>-&lt;/mo>&lt;mn>1&lt;/mn>&lt;/mtd>&lt;mtd>&lt;mn>2&lt;/mn>&lt;/mtd>&lt;mtd>&lt;mn>3&lt;/mn>&lt;/mtd>&lt;/mtr>&lt;mtr>&lt;mtd>&lt;mn>5&lt;/mn>&lt;/mtd>&lt;mtd>&lt;mn>6&lt;/mn>&lt;/mtd>&lt;mtd>&lt;mn>5&lt;/mn>&lt;/mtd>&lt;mtd>&lt;mo>-&lt;/mo>&lt;mn>6&lt;/mn>&lt;/mtd>&lt;/mtr>&lt;/mtable>&lt;mo rspace="0em" lspace="0.3em" stretchy="true" fence="true" form="postfix">)&lt;/mo>&lt;/mrow>&lt;/mrow>&lt;/math> form a basis for R&lt;math xmlns="http://www.w3.org/1998/Math/MathML">&lt;mrow>&lt;msup>&lt;mi>&lt;/mi>&lt;mn>3&lt;/mn>&lt;/msup>&lt;/mrow>&lt;/math>?

</mattext>
            </material>
            <response_extension>
              <d2l_2p0:display_style>2</d2l_2p0:display_style>
              <d2l_2p0:enumeration>6</d2l_2p0:enumeration>
              <d2l_2p0:grading_type>0</d2l_2p0:grading_type>
            </response_extension>
            <response_lid ident="Week11_Q3_LID" rcardinality="Single">
              <render_choice shuffle="no">
                <flow_label class="Block">
                  <response_label ident="Week11_QUES_3_ANS_1">
                    <flow_mat>
                      <material>
                        <mattext texttype="text/html">&lt;math xmlns="http://www.w3.org/1998/Math/MathML">&lt;mrow>&lt;mstyle displaystyle="true">&lt;mi>Y&lt;/mi>&lt;mi>e&lt;/mi>&lt;mi>s&lt;/mi>&lt;/mstyle>&lt;/mrow>&lt;/math>

</mattext>
                      </material>
                    </flow_mat>
                  </response_label>
                </flow_label>
                <flow_label class="Block">
                  <response_label ident="Week11_QUES_3_ANS_2">
                    <flow_mat>
                      <material>
                        <mattext texttype="text/html">&lt;math xmlns="http://www.w3.org/1998/Math/MathML">&lt;mrow>&lt;mstyle displaystyle="true">&lt;mi>N&lt;/mi>&lt;mi>o&lt;/mi>&lt;/mstyle>&lt;/mrow>&lt;/math>

</mattext>
                      </material>
                    </flow_mat>
                  </response_label>
                </flow_label>
                <flow_label class="Block">
                  <response_label ident="Week11_QUES_3_ANS_3">
                    <flow_mat>
                      <material>
                        <mattext texttype="text/html">&lt;math xmlns="http://www.w3.org/1998/Math/MathML">&lt;mrow>&lt;mstyle displaystyle="true">&lt;mi>N&lt;/mi>&lt;mi>o&lt;/mi>&lt;mi>t&lt;/mi>&lt;mi>e&lt;/mi>&lt;mi>n&lt;/mi>&lt;mi>o&lt;/mi>&lt;mi>u&lt;/mi>&lt;mi>g&lt;/mi>&lt;mi>h&lt;/mi>&lt;mi>i&lt;/mi>&lt;mi>n&lt;/mi>&lt;mi>f&lt;/mi>&lt;mi>o&lt;/mi>&lt;mi>r&lt;/mi>&lt;mi>m&lt;/mi>&lt;mi>a&lt;/mi>&lt;mi>t&lt;/mi>&lt;mi>i&lt;/mi>&lt;mi>o&lt;/mi>&lt;mi>n&lt;/mi>&lt;/mstyle>&lt;/mrow>&lt;/math>

</mattext>
                      </material>
                    </flow_mat>
                  </response_label>
                </flow_label>
              </render_choice>
            </response_lid>
          </flow>
        </presentation>
        <resprocessing>
          <respcondition title="Response Condition 1">
            <conditionvar>
              <varequal respident="Week11_Q3_LID">Week11_QUES_3_ANS_1</varequal>
            </conditionvar>
            <setvar action="Set">100</setvar>
            <displayfeedback feedbacktype="Response" linkrefid="QUES_ANSWER_1">&lt;math xmlns="http://www.w3.org/1998/Math/MathML">&lt;mrow>&lt;mstyle displaystyle="true">&lt;mi>Y&lt;/mi>&lt;mi>e&lt;/mi>&lt;mi>s&lt;/mi>&lt;/mstyle>&lt;/mrow>&lt;/math>

</displayfeedback>
          </respcondition>
          <respcondition title="Response Condition 2">
            <conditionvar>
              <varequal respident="Week11_Q3_LID">Week11_QUES_3_ANS_2</varequal>
            </conditionvar>
            <setvar action="Set">0</setvar>
            <displayfeedback feedbacktype="Response" linkrefid="QUES_ANSWER_2">&lt;math xmlns="http://www.w3.org/1998/Math/MathML">&lt;mrow>&lt;mstyle displaystyle="true">&lt;mi>N&lt;/mi>&lt;mi>o&lt;/mi>&lt;/mstyle>&lt;/mrow>&lt;/math>

</displayfeedback>
          </respcondition>
          <respcondition title="Response Condition 3">
            <conditionvar>
              <varequal respident="Week11_Q3_LID">Week11_QUES_3_ANS_3</varequal>
            </conditionvar>
            <setvar action="Set">0</setvar>
            <displayfeedback feedbacktype="Response" linkrefid="QUES_ANSWER_3">&lt;math xmlns="http://www.w3.org/1998/Math/MathML">&lt;mrow>&lt;mstyle displaystyle="true">&lt;mi>N&lt;/mi>&lt;mi>o&lt;/mi>&lt;mi>t&lt;/mi>&lt;mi>e&lt;/mi>&lt;mi>n&lt;/mi>&lt;mi>o&lt;/mi>&lt;mi>u&lt;/mi>&lt;mi>g&lt;/mi>&lt;mi>h&lt;/mi>&lt;mi>i&lt;/mi>&lt;mi>n&lt;/mi>&lt;mi>f&lt;/mi>&lt;mi>o&lt;/mi>&lt;mi>r&lt;/mi>&lt;mi>m&lt;/mi>&lt;mi>a&lt;/mi>&lt;mi>t&lt;/mi>&lt;mi>i&lt;/mi>&lt;mi>o&lt;/mi>&lt;mi>n&lt;/mi>&lt;/mstyle>&lt;/mrow>&lt;/math>

</displayfeedback>
          </respcondition>
        </resprocessing>
        <itemfeedback ident="Week11_Q3">
          <material>
            <mattext texttype="text/html"> Use MATLAB to help you find the answer. </mattext>
          </material>
        </itemfeedback>
      </item>
    </section>
  </objectbank>
</questestinterop>
